date,GSCPI,USCS,USUR,USIR,USPCE,covid_new_cases,weather,holiday
5/28/17,-0.0815,97.1,4.4,0.0187,13117.6,0,0,0
5/29/17,-0.0815,97.1,4.4,0.0187,13117.6,0,0,0
5/30/17,-0.0815,97.1,4.4,0.0187,13117.6,0,0,0
5/31/17,-0.0815,97.1,4.4,0.0187,13117.6,0,0,0
6/1/17,0.1432,95,4.3,0.0163,13170.3,0,0,0
6/2/17,0.1432,95,4.3,0.0163,13170.3,0,0,0
6/3/17,0.1432,95,4.3,0.0163,13170.3,0,0,0
6/4/17,0.1432,95,4.3,0.0163,13170.3,0,0,0
6/5/17,0.1432,95,4.3,0.0163,13170.3,0,0,0
6/6/17,0.1432,95,4.3,0.0163,13170.3,0,0,0
6/7/17,0.1432,95,4.3,0.0163,13170.3,0,0,0
6/8/17,0.1432,95,4.3,0.0163,13170.3,0,0,0
6/9/17,0.1432,95,4.3,0.0163,13170.3,0,1,0
6/10/17,0.1432,95,4.3,0.0163,13170.3,0,1,0
6/11/17,0.1432,95,4.3,0.0163,13170.3,0,1,0
6/12/17,0.1432,95,4.3,0.0163,13170.3,0,1,0
6/13/17,0.1432,95,4.3,0.0163,13170.3,0,1,0
6/14/17,0.1432,95,4.3,0.0163,13170.3,0,1,0
6/15/17,0.1432,95,4.3,0.0163,13170.3,0,1,0
6/16/17,0.1432,95,4.3,0.0163,13170.3,0,1,0
6/17/17,0.1432,95,4.3,0.0163,13170.3,0,0,0
6/18/17,0.1432,95,4.3,0.0163,13170.3,0,0,0
6/19/17,0.1432,95,4.3,0.0163,13170.3,0,0,0
6/20/17,0.1432,95,4.3,0.0163,13170.3,0,0,0
6/21/17,0.1432,95,4.3,0.0163,13170.3,0,0,0
6/22/17,0.1432,95,4.3,0.0163,13170.3,0,0,0
6/23/17,0.1432,95,4.3,0.0163,13170.3,0,0,0
6/24/17,0.1432,95,4.3,0.0163,13170.3,0,0,0
6/25/17,0.1432,95,4.3,0.0163,13170.3,0,0,0
6/26/17,0.1432,95,4.3,0.0163,13170.3,0,0,0
6/27/17,0.1432,95,4.3,0.0163,13170.3,0,1,0
6/28/17,0.1432,95,4.3,0.0163,13170.3,0,1,0
6/29/17,0.1432,95,4.3,0.0163,13170.3,0,1,0
6/30/17,0.1432,95,4.3,0.0163,13170.3,0,0,0
7/1/17,0.1461,93.4,4.3,0.0173,13193.5,0,0,0
7/2/17,0.1461,93.4,4.3,0.0173,13193.5,0,0,0
7/3/17,0.1461,93.4,4.3,0.0173,13193.5,0,0,0
7/4/17,0.1461,93.4,4.3,0.0173,13193.5,0,0,0
7/5/17,0.1461,93.4,4.3,0.0173,13193.5,0,0,0
7/6/17,0.1461,93.4,4.3,0.0173,13193.5,0,0,0
7/7/17,0.1461,93.4,4.3,0.0173,13193.5,0,0,0
7/8/17,0.1461,93.4,4.3,0.0173,13193.5,0,0,0
7/9/17,0.1461,93.4,4.3,0.0173,13193.5,0,0,0
7/10/17,0.1461,93.4,4.3,0.0173,13193.5,0,0,0
7/11/17,0.1461,93.4,4.3,0.0173,13193.5,0,0,0
7/12/17,0.1461,93.4,4.3,0.0173,13193.5,0,0,0
7/13/17,0.1461,93.4,4.3,0.0173,13193.5,0,0,0
7/14/17,0.1461,93.4,4.3,0.0173,13193.5,0,0,0
7/15/17,0.1461,93.4,4.3,0.0173,13193.5,0,0,0
7/16/17,0.1461,93.4,4.3,0.0173,13193.5,0,0,0
7/17/17,0.1461,93.4,4.3,0.0173,13193.5,0,0,0
7/18/17,0.1461,93.4,4.3,0.0173,13193.5,0,0,0
7/19/17,0.1461,93.4,4.3,0.0173,13193.5,0,0,0
7/20/17,0.1461,93.4,4.3,0.0173,13193.5,0,0,0
7/21/17,0.1461,93.4,4.3,0.0173,13193.5,0,0,0
7/22/17,0.1461,93.4,4.3,0.0173,13193.5,0,0,0
7/23/17,0.1461,93.4,4.3,0.0173,13193.5,0,0,0
7/24/17,0.1461,93.4,4.3,0.0173,13193.5,0,0,0
7/25/17,0.1461,93.4,4.3,0.0173,13193.5,0,0,0
7/26/17,0.1461,93.4,4.3,0.0173,13193.5,0,0,0
7/27/17,0.1461,93.4,4.3,0.0173,13193.5,0,0,0
7/28/17,0.1461,93.4,4.3,0.0173,13193.5,0,0,0
7/29/17,0.1461,93.4,4.3,0.0173,13193.5,0,0,0
7/30/17,0.1461,93.4,4.3,0.0173,13193.5,0,0,0
7/31/17,0.1461,93.4,4.3,0.0173,13193.5,0,0,0
8/1/17,0.4416,96.8,4.4,0.0194,13234.1,0,0,0
8/2/17,0.4416,96.8,4.4,0.0194,13234.1,0,0,0
8/3/17,0.4416,96.8,4.4,0.0194,13234.1,0,0,0
8/4/17,0.4416,96.8,4.4,0.0194,13234.1,0,0,0
8/5/17,0.4416,96.8,4.4,0.0194,13234.1,0,0,0
8/6/17,0.4416,96.8,4.4,0.0194,13234.1,0,0,0
8/7/17,0.4416,96.8,4.4,0.0194,13234.1,0,0,0
8/8/17,0.4416,96.8,4.4,0.0194,13234.1,0,0,0
8/9/17,0.4416,96.8,4.4,0.0194,13234.1,0,0,0
8/10/17,0.4416,96.8,4.4,0.0194,13234.1,0,0,0
8/11/17,0.4416,96.8,4.4,0.0194,13234.1,0,0,0
8/12/17,0.4416,96.8,4.4,0.0194,13234.1,0,0,0
8/13/17,0.4416,96.8,4.4,0.0194,13234.1,0,0,0
8/14/17,0.4416,96.8,4.4,0.0194,13234.1,0,0,0
8/15/17,0.4416,96.8,4.4,0.0194,13234.1,0,0,0
8/16/17,0.4416,96.8,4.4,0.0194,13234.1,0,0,0
8/17/17,0.4416,96.8,4.4,0.0194,13234.1,0,0,0
8/18/17,0.4416,96.8,4.4,0.0194,13234.1,0,0,0
8/19/17,0.4416,96.8,4.4,0.0194,13234.1,0,0,0
8/20/17,0.4416,96.8,4.4,0.0194,13234.1,0,0,0
8/21/17,0.4416,96.8,4.4,0.0194,13234.1,0,0,0
8/22/17,0.4416,96.8,4.4,0.0194,13234.1,0,0,0
8/23/17,0.4416,96.8,4.4,0.0194,13234.1,0,0,0
8/24/17,0.4416,96.8,4.4,0.0194,13234.1,0,0,0
8/25/17,0.4416,96.8,4.4,0.0194,13234.1,0,1,0
8/26/17,0.4416,96.8,4.4,0.0194,13234.1,0,1,0
8/27/17,0.4416,96.8,4.4,0.0194,13234.1,0,1,0
8/28/17,0.4416,96.8,4.4,0.0194,13234.1,0,1,0
8/29/17,0.4416,96.8,4.4,0.0194,13234.1,0,1,0
8/30/17,0.4416,96.8,4.4,0.0194,13234.1,0,1,0
8/31/17,0.4416,96.8,4.4,0.0194,13234.1,0,1,0
9/1/17,0.5476,95.1,4.3,0.0223,13353.4,0,0,0
9/2/17,0.5476,95.1,4.3,0.0223,13353.4,0,0,0
9/3/17,0.5476,95.1,4.3,0.0223,13353.4,0,0,0
9/4/17,0.5476,95.1,4.3,0.0223,13353.4,0,0,0
9/5/17,0.5476,95.1,4.3,0.0223,13353.4,0,0,0
9/6/17,0.5476,95.1,4.3,0.0223,13353.4,0,1,0
9/7/17,0.5476,95.1,4.3,0.0223,13353.4,0,1,0
9/8/17,0.5476,95.1,4.3,0.0223,13353.4,0,1,0
9/9/17,0.5476,95.1,4.3,0.0223,13353.4,0,1,0
9/10/17,0.5476,95.1,4.3,0.0223,13353.4,0,1,0
9/11/17,0.5476,95.1,4.3,0.0223,13353.4,0,1,0
9/12/17,0.5476,95.1,4.3,0.0223,13353.4,0,1,0
9/13/17,0.5476,95.1,4.3,0.0223,13353.4,0,0,0
9/14/17,0.5476,95.1,4.3,0.0223,13353.4,0,0,0
9/15/17,0.5476,95.1,4.3,0.0223,13353.4,0,0,0
9/16/17,0.5476,95.1,4.3,0.0223,13353.4,0,0,0
9/17/17,0.5476,95.1,4.3,0.0223,13353.4,0,0,0
9/18/17,0.5476,95.1,4.3,0.0223,13353.4,0,0,0
9/19/17,0.5476,95.1,4.3,0.0223,13353.4,0,1,0
9/20/17,0.5476,95.1,4.3,0.0223,13353.4,0,1,0
9/21/17,0.5476,95.1,4.3,0.0223,13353.4,0,1,0
9/22/17,0.5476,95.1,4.3,0.0223,13353.4,0,0,0
9/23/17,0.5476,95.1,4.3,0.0223,13353.4,0,0,0
9/24/17,0.5476,95.1,4.3,0.0223,13353.4,0,0,0
9/25/17,0.5476,95.1,4.3,0.0223,13353.4,0,0,0
9/26/17,0.5476,95.1,4.3,0.0223,13353.4,0,0,0
9/27/17,0.5476,95.1,4.3,0.0223,13353.4,0,0,0
9/28/17,0.5476,95.1,4.3,0.0223,13353.4,0,0,0
9/29/17,0.5476,95.1,4.3,0.0223,13353.4,0,0,0
9/30/17,0.5476,95.1,4.3,0.0223,13353.4,0,0,0
10/1/17,0.803,100.7,4.2,0.0204,13383.4,0,0,0
10/2/17,0.803,100.7,4.2,0.0204,13383.4,0,0,0
10/3/17,0.803,100.7,4.2,0.0204,13383.4,0,0,0
10/4/17,0.803,100.7,4.2,0.0204,13383.4,0,0,0
10/5/17,0.803,100.7,4.2,0.0204,13383.4,0,0,0
10/6/17,0.803,100.7,4.2,0.0204,13383.4,0,0,0
10/7/17,0.803,100.7,4.2,0.0204,13383.4,0,0,0
10/8/17,0.803,100.7,4.2,0.0204,13383.4,0,0,0
10/9/17,0.803,100.7,4.2,0.0204,13383.4,0,0,0
10/10/17,0.803,100.7,4.2,0.0204,13383.4,0,0,0
10/11/17,0.803,100.7,4.2,0.0204,13383.4,0,0,0
10/12/17,0.803,100.7,4.2,0.0204,13383.4,0,0,0
10/13/17,0.803,100.7,4.2,0.0204,13383.4,0,0,0
10/14/17,0.803,100.7,4.2,0.0204,13383.4,0,0,0
10/15/17,0.803,100.7,4.2,0.0204,13383.4,0,0,0
10/16/17,0.803,100.7,4.2,0.0204,13383.4,0,0,0
10/17/17,0.803,100.7,4.2,0.0204,13383.4,0,0,0
10/18/17,0.803,100.7,4.2,0.0204,13383.4,0,0,0
10/19/17,0.803,100.7,4.2,0.0204,13383.4,0,0,0
10/20/17,0.803,100.7,4.2,0.0204,13383.4,0,0,0
10/21/17,0.803,100.7,4.2,0.0204,13383.4,0,0,0
10/22/17,0.803,100.7,4.2,0.0204,13383.4,0,0,0
10/23/17,0.803,100.7,4.2,0.0204,13383.4,0,0,0
10/24/17,0.803,100.7,4.2,0.0204,13383.4,0,0,0
10/25/17,0.803,100.7,4.2,0.0204,13383.4,0,0,0
10/26/17,0.803,100.7,4.2,0.0204,13383.4,0,0,0
10/27/17,0.803,100.7,4.2,0.0204,13383.4,0,0,0
10/28/17,0.803,100.7,4.2,0.0204,13383.4,0,0,0
10/29/17,0.803,100.7,4.2,0.0204,13383.4,0,0,1
10/30/17,0.803,100.7,4.2,0.0204,13383.4,0,0,1
10/31/17,0.803,100.7,4.2,0.0204,13383.4,0,0,1
11/1/17,0.8602,98.5,4.2,0.022,13479.8,0,0,0
11/2/17,0.8602,98.5,4.2,0.022,13479.8,0,0,0
11/3/17,0.8602,98.5,4.2,0.022,13479.8,0,0,0
11/4/17,0.8602,98.5,4.2,0.022,13479.8,0,0,0
11/5/17,0.8602,98.5,4.2,0.022,13479.8,0,0,0
11/6/17,0.8602,98.5,4.2,0.022,13479.8,0,0,0
11/7/17,0.8602,98.5,4.2,0.022,13479.8,0,0,0
11/8/17,0.8602,98.5,4.2,0.022,13479.8,0,0,0
11/9/17,0.8602,98.5,4.2,0.022,13479.8,0,0,0
11/10/17,0.8602,98.5,4.2,0.022,13479.8,0,0,0
11/11/17,0.8602,98.5,4.2,0.022,13479.8,0,0,0
11/12/17,0.8602,98.5,4.2,0.022,13479.8,0,0,0
11/13/17,0.8602,98.5,4.2,0.022,13479.8,0,0,0
11/14/17,0.8602,98.5,4.2,0.022,13479.8,0,0,0
11/15/17,0.8602,98.5,4.2,0.022,13479.8,0,0,1
11/16/17,0.8602,98.5,4.2,0.022,13479.8,0,0,1
11/17/17,0.8602,98.5,4.2,0.022,13479.8,0,0,1
11/18/17,0.8602,98.5,4.2,0.022,13479.8,0,0,1
11/19/17,0.8602,98.5,4.2,0.022,13479.8,0,0,1
11/20/17,0.8602,98.5,4.2,0.022,13479.8,0,0,1
11/21/17,0.8602,98.5,4.2,0.022,13479.8,0,0,1
11/22/17,0.8602,98.5,4.2,0.022,13479.8,0,0,1
11/23/17,0.8602,98.5,4.2,0.022,13479.8,0,0,1
11/24/17,0.8602,98.5,4.2,0.022,13479.8,0,0,1
11/25/17,0.8602,98.5,4.2,0.022,13479.8,0,0,1
11/26/17,0.8602,98.5,4.2,0.022,13479.8,0,0,1
11/27/17,0.8602,98.5,4.2,0.022,13479.8,0,0,1
11/28/17,0.8602,98.5,4.2,0.022,13479.8,0,0,1
11/29/17,0.8602,98.5,4.2,0.022,13479.8,0,0,1
11/30/17,0.8602,98.5,4.2,0.022,13479.8,0,0,1
12/1/17,0.7098,95.9,4.1,0.0211,13609,0,0,1
12/2/17,0.7098,95.9,4.1,0.0211,13609,0,0,1
12/3/17,0.7098,95.9,4.1,0.0211,13609,0,0,1
12/4/17,0.7098,95.9,4.1,0.0211,13609,0,0,1
12/5/17,0.7098,95.9,4.1,0.0211,13609,0,0,1
12/6/17,0.7098,95.9,4.1,0.0211,13609,0,0,1
12/7/17,0.7098,95.9,4.1,0.0211,13609,0,0,1
12/8/17,0.7098,95.9,4.1,0.0211,13609,0,0,1
12/9/17,0.7098,95.9,4.1,0.0211,13609,0,0,1
12/10/17,0.7098,95.9,4.1,0.0211,13609,0,0,1
12/11/17,0.7098,95.9,4.1,0.0211,13609,0,0,1
12/12/17,0.7098,95.9,4.1,0.0211,13609,0,0,1
12/13/17,0.7098,95.9,4.1,0.0211,13609,0,0,1
12/14/17,0.7098,95.9,4.1,0.0211,13609,0,0,1
12/15/17,0.7098,95.9,4.1,0.0211,13609,0,0,1
12/16/17,0.7098,95.9,4.1,0.0211,13609,0,0,1
12/17/17,0.7098,95.9,4.1,0.0211,13609,0,0,1
12/18/17,0.7098,95.9,4.1,0.0211,13609,0,0,1
12/19/17,0.7098,95.9,4.1,0.0211,13609,0,0,1
12/20/17,0.7098,95.9,4.1,0.0211,13609,0,0,1
12/21/17,0.7098,95.9,4.1,0.0211,13609,0,0,1
12/22/17,0.7098,95.9,4.1,0.0211,13609,0,0,1
12/23/17,0.7098,95.9,4.1,0.0211,13609,0,0,1
12/24/17,0.7098,95.9,4.1,0.0211,13609,0,0,1
12/25/17,0.7098,95.9,4.1,0.0211,13609,0,0,1
12/26/17,0.7098,95.9,4.1,0.0211,13609,0,0,1
12/27/17,0.7098,95.9,4.1,0.0211,13609,0,0,1
12/28/17,0.7098,95.9,4.1,0.0211,13609,0,0,1
12/29/17,0.7098,95.9,4.1,0.0211,13609,0,0,1
12/30/17,0.7098,95.9,4.1,0.0211,13609,0,0,1
12/31/17,0.7098,95.9,4.1,0.0211,13609,0,0,1
1/1/18,0.6012,95.7,4,0.0207,13628.4,0,0,1
1/2/18,0.6012,95.7,4,0.0207,13628.4,0,0,1
1/3/18,0.6012,95.7,4,0.0207,13628.4,0,1,1
1/4/18,0.6012,95.7,4,0.0207,13628.4,0,1,1
1/5/18,0.6012,95.7,4,0.0207,13628.4,0,1,1
1/6/18,0.6012,95.7,4,0.0207,13628.4,0,0,0
1/7/18,0.6012,95.7,4,0.0207,13628.4,0,0,0
1/8/18,0.6012,95.7,4,0.0207,13628.4,0,0,0
1/9/18,0.6012,95.7,4,0.0207,13628.4,0,0,0
1/10/18,0.6012,95.7,4,0.0207,13628.4,0,0,0
1/11/18,0.6012,95.7,4,0.0207,13628.4,0,0,0
1/12/18,0.6012,95.7,4,0.0207,13628.4,0,0,0
1/13/18,0.6012,95.7,4,0.0207,13628.4,0,0,0
1/14/18,0.6012,95.7,4,0.0207,13628.4,0,0,0
1/15/18,0.6012,95.7,4,0.0207,13628.4,0,0,0
1/16/18,0.6012,95.7,4,0.0207,13628.4,0,0,0
1/17/18,0.6012,95.7,4,0.0207,13628.4,0,0,0
1/18/18,0.6012,95.7,4,0.0207,13628.4,0,0,0
1/19/18,0.6012,95.7,4,0.0207,13628.4,0,0,0
1/20/18,0.6012,95.7,4,0.0207,13628.4,0,0,0
1/21/18,0.6012,95.7,4,0.0207,13628.4,0,0,0
1/22/18,0.6012,95.7,4,0.0207,13628.4,0,0,0
1/23/18,0.6012,95.7,4,0.0207,13628.4,0,0,0
1/24/18,0.6012,95.7,4,0.0207,13628.4,0,0,0
1/25/18,0.6012,95.7,4,0.0207,13628.4,0,0,0
1/26/18,0.6012,95.7,4,0.0207,13628.4,0,0,0
1/27/18,0.6012,95.7,4,0.0207,13628.4,0,0,0
1/28/18,0.6012,95.7,4,0.0207,13628.4,0,0,0
1/29/18,0.6012,95.7,4,0.0207,13628.4,0,0,0
1/30/18,0.6012,95.7,4,0.0207,13628.4,0,0,0
1/31/18,0.6012,95.7,4,0.0207,13628.4,0,0,0
2/1/18,0.1169,99.7,4.1,0.0221,13668.3,0,0,0
2/2/18,0.1169,99.7,4.1,0.0221,13668.3,0,0,0
2/3/18,0.1169,99.7,4.1,0.0221,13668.3,0,0,0
2/4/18,0.1169,99.7,4.1,0.0221,13668.3,0,0,0
2/5/18,0.1169,99.7,4.1,0.0221,13668.3,0,0,0
2/6/18,0.1169,99.7,4.1,0.0221,13668.3,0,0,0
2/7/18,0.1169,99.7,4.1,0.0221,13668.3,0,0,0
2/8/18,0.1169,99.7,4.1,0.0221,13668.3,0,0,0
2/9/18,0.1169,99.7,4.1,0.0221,13668.3,0,0,0
2/10/18,0.1169,99.7,4.1,0.0221,13668.3,0,0,1
2/11/18,0.1169,99.7,4.1,0.0221,13668.3,0,0,1
2/12/18,0.1169,99.7,4.1,0.0221,13668.3,0,0,1
2/13/18,0.1169,99.7,4.1,0.0221,13668.3,0,0,1
2/14/18,0.1169,99.7,4.1,0.0221,13668.3,0,0,1
2/15/18,0.1169,99.7,4.1,0.0221,13668.3,0,0,0
2/16/18,0.1169,99.7,4.1,0.0221,13668.3,0,0,0
2/17/18,0.1169,99.7,4.1,0.0221,13668.3,0,0,0
2/18/18,0.1169,99.7,4.1,0.0221,13668.3,0,0,0
2/19/18,0.1169,99.7,4.1,0.0221,13668.3,0,0,0
2/20/18,0.1169,99.7,4.1,0.0221,13668.3,0,0,0
2/21/18,0.1169,99.7,4.1,0.0221,13668.3,0,0,0
2/22/18,0.1169,99.7,4.1,0.0221,13668.3,0,0,0
2/23/18,0.1169,99.7,4.1,0.0221,13668.3,0,0,0
2/24/18,0.1169,99.7,4.1,0.0221,13668.3,0,0,0
2/25/18,0.1169,99.7,4.1,0.0221,13668.3,0,0,0
2/26/18,0.1169,99.7,4.1,0.0221,13668.3,0,0,0
2/27/18,0.1169,99.7,4.1,0.0221,13668.3,0,0,0
2/28/18,0.1169,99.7,4.1,0.0221,13668.3,0,0,0
3/1/18,0.4719,101.4,4,0.0236,13735.4,0,1,0
3/2/18,0.4719,101.4,4,0.0236,13735.4,0,1,0
3/3/18,0.4719,101.4,4,0.0236,13735.4,0,1,0
3/4/18,0.4719,101.4,4,0.0236,13735.4,0,0,0
3/5/18,0.4719,101.4,4,0.0236,13735.4,0,0,0
3/6/18,0.4719,101.4,4,0.0236,13735.4,0,0,0
3/7/18,0.4719,101.4,4,0.0236,13735.4,0,0,0
3/8/18,0.4719,101.4,4,0.0236,13735.4,0,0,0
3/9/18,0.4719,101.4,4,0.0236,13735.4,0,0,0
3/10/18,0.4719,101.4,4,0.0236,13735.4,0,0,0
3/11/18,0.4719,101.4,4,0.0236,13735.4,0,0,0
3/12/18,0.4719,101.4,4,0.0236,13735.4,0,0,0
3/13/18,0.4719,101.4,4,0.0236,13735.4,0,0,0
3/14/18,0.4719,101.4,4,0.0236,13735.4,0,0,0
3/15/18,0.4719,101.4,4,0.0236,13735.4,0,0,0
3/16/18,0.4719,101.4,4,0.0236,13735.4,0,0,0
3/17/18,0.4719,101.4,4,0.0236,13735.4,0,0,0
3/18/18,0.4719,101.4,4,0.0236,13735.4,0,1,0
3/19/18,0.4719,101.4,4,0.0236,13735.4,0,1,0
3/20/18,0.4719,101.4,4,0.0236,13735.4,0,1,0
3/21/18,0.4719,101.4,4,0.0236,13735.4,0,1,0
3/22/18,0.4719,101.4,4,0.0236,13735.4,0,0,0
3/23/18,0.4719,101.4,4,0.0236,13735.4,0,0,0
3/24/18,0.4719,101.4,4,0.0236,13735.4,0,0,0
3/25/18,0.4719,101.4,4,0.0236,13735.4,0,0,0
3/26/18,0.4719,101.4,4,0.0236,13735.4,0,0,0
3/27/18,0.4719,101.4,4,0.0236,13735.4,0,0,0
3/28/18,0.4719,101.4,4,0.0236,13735.4,0,0,1
3/29/18,0.4719,101.4,4,0.0236,13735.4,0,0,1
3/30/18,0.4719,101.4,4,0.0236,13735.4,0,0,1
3/31/18,0.4719,101.4,4,0.0236,13735.4,0,0,1
4/1/18,0.5598,98.8,4,0.0246,13792.1,0,0,1
4/2/18,0.5598,98.8,4,0.0246,13792.1,0,0,0
4/3/18,0.5598,98.8,4,0.0246,13792.1,0,0,0
4/4/18,0.5598,98.8,4,0.0246,13792.1,0,0,0
4/5/18,0.5598,98.8,4,0.0246,13792.1,0,0,0
4/6/18,0.5598,98.8,4,0.0246,13792.1,0,0,0
4/7/18,0.5598,98.8,4,0.0246,13792.1,0,0,0
4/8/18,0.5598,98.8,4,0.0246,13792.1,0,0,0
4/9/18,0.5598,98.8,4,0.0246,13792.1,0,0,0
4/10/18,0.5598,98.8,4,0.0246,13792.1,0,0,0
4/11/18,0.5598,98.8,4,0.0246,13792.1,0,0,0
4/12/18,0.5598,98.8,4,0.0246,13792.1,0,0,0
4/13/18,0.5598,98.8,4,0.0246,13792.1,0,1,0
4/14/18,0.5598,98.8,4,0.0246,13792.1,0,1,0
4/15/18,0.5598,98.8,4,0.0246,13792.1,0,1,0
4/16/18,0.5598,98.8,4,0.0246,13792.1,0,1,0
4/17/18,0.5598,98.8,4,0.0246,13792.1,0,0,0
4/18/18,0.5598,98.8,4,0.0246,13792.1,0,0,0
4/19/18,0.5598,98.8,4,0.0246,13792.1,0,0,0
4/20/18,0.5598,98.8,4,0.0246,13792.1,0,0,0
4/21/18,0.5598,98.8,4,0.0246,13792.1,0,0,0
4/22/18,0.5598,98.8,4,0.0246,13792.1,0,0,0
4/23/18,0.5598,98.8,4,0.0246,13792.1,0,0,0
4/24/18,0.5598,98.8,4,0.0246,13792.1,0,0,0
4/25/18,0.5598,98.8,4,0.0246,13792.1,0,0,0
4/26/18,0.5598,98.8,4,0.0246,13792.1,0,0,0
4/27/18,0.5598,98.8,4,0.0246,13792.1,0,0,0
4/28/18,0.5598,98.8,4,0.0246,13792.1,0,0,0
4/29/18,0.5598,98.8,4,0.0246,13792.1,0,0,0
4/30/18,0.5598,98.8,4,0.0246,13792.1,0,0,0
5/1/18,0.3716,98,3.8,0.028,13860.2,0,1,0
5/2/18,0.3716,98,3.8,0.028,13860.2,0,1,0
5/3/18,0.3716,98,3.8,0.028,13860.2,0,1,0
5/4/18,0.3716,98,3.8,0.028,13860.2,0,1,0
5/5/18,0.3716,98,3.8,0.028,13860.2,0,0,0
5/6/18,0.3716,98,3.8,0.028,13860.2,0,0,0
5/7/18,0.3716,98,3.8,0.028,13860.2,0,0,0
5/8/18,0.3716,98,3.8,0.028,13860.2,0,0,0
5/9/18,0.3716,98,3.8,0.028,13860.2,0,0,0
5/10/18,0.3716,98,3.8,0.028,13860.2,0,0,0
5/11/18,0.3716,98,3.8,0.028,13860.2,0,0,0
5/12/18,0.3716,98,3.8,0.028,13860.2,0,0,0
5/13/18,0.3716,98,3.8,0.028,13860.2,0,1,0
5/14/18,0.3716,98,3.8,0.028,13860.2,0,1,0
5/15/18,0.3716,98,3.8,0.028,13860.2,0,1,0
5/16/18,0.3716,98,3.8,0.028,13860.2,0,0,0
5/17/18,0.3716,98,3.8,0.028,13860.2,0,0,0
5/18/18,0.3716,98,3.8,0.028,13860.2,0,0,0
5/19/18,0.3716,98,3.8,0.028,13860.2,0,0,0
5/20/18,0.3716,98,3.8,0.028,13860.2,0,0,0
5/21/18,0.3716,98,3.8,0.028,13860.2,0,0,0
5/22/18,0.3716,98,3.8,0.028,13860.2,0,0,0
5/23/18,0.3716,98,3.8,0.028,13860.2,0,0,0
5/24/18,0.3716,98,3.8,0.028,13860.2,0,0,0
5/25/18,0.3716,98,3.8,0.028,13860.2,0,0,0
5/26/18,0.3716,98,3.8,0.028,13860.2,0,0,0
5/27/18,0.3716,98,3.8,0.028,13860.2,0,0,0
5/28/18,0.3716,98,3.8,0.028,13860.2,0,0,0
5/29/18,0.3716,98,3.8,0.028,13860.2,0,0,0
5/30/18,0.3716,98,3.8,0.028,13860.2,0,0,0
5/31/18,0.3716,98,3.8,0.028,13860.2,0,0,0
6/1/18,0.4148,98.2,4,0.0287,13900.2,0,0,0
6/2/18,0.4148,98.2,4,0.0287,13900.2,0,0,0
6/3/18,0.4148,98.2,4,0.0287,13900.2,0,0,0
6/4/18,0.4148,98.2,4,0.0287,13900.2,0,0,0
6/5/18,0.4148,98.2,4,0.0287,13900.2,0,0,0
6/6/18,0.4148,98.2,4,0.0287,13900.2,0,1,0
6/7/18,0.4148,98.2,4,0.0287,13900.2,0,0,0
6/8/18,0.4148,98.2,4,0.0287,13900.2,0,0,0
6/9/18,0.4148,98.2,4,0.0287,13900.2,0,0,0
6/10/18,0.4148,98.2,4,0.0287,13900.2,0,0,0
6/11/18,0.4148,98.2,4,0.0287,13900.2,0,0,0
6/12/18,0.4148,98.2,4,0.0287,13900.2,0,0,0
6/13/18,0.4148,98.2,4,0.0287,13900.2,0,1,0
6/14/18,0.4148,98.2,4,0.0287,13900.2,0,0,0
6/15/18,0.4148,98.2,4,0.0287,13900.2,0,0,0
6/16/18,0.4148,98.2,4,0.0287,13900.2,0,0,0
6/17/18,0.4148,98.2,4,0.0287,13900.2,0,0,0
6/18/18,0.4148,98.2,4,0.0287,13900.2,0,1,0
6/19/18,0.4148,98.2,4,0.0287,13900.2,0,1,0
6/20/18,0.4148,98.2,4,0.0287,13900.2,0,0,0
6/21/18,0.4148,98.2,4,0.0287,13900.2,0,0,0
6/22/18,0.4148,98.2,4,0.0287,13900.2,0,0,0
6/23/18,0.4148,98.2,4,0.0287,13900.2,0,0,0
6/24/18,0.4148,98.2,4,0.0287,13900.2,0,0,0
6/25/18,0.4148,98.2,4,0.0287,13900.2,0,0,0
6/26/18,0.4148,98.2,4,0.0287,13900.2,0,0,0
6/27/18,0.4148,98.2,4,0.0287,13900.2,0,0,0
6/28/18,0.4148,98.2,4,0.0287,13900.2,0,0,0
6/29/18,0.4148,98.2,4,0.0287,13900.2,0,0,0
6/30/18,0.4148,98.2,4,0.0287,13900.2,0,0,0
7/1/18,0.4282,97.9,3.8,0.0295,13952.3,0,0,0
7/2/18,0.4282,97.9,3.8,0.0295,13952.3,0,0,0
7/3/18,0.4282,97.9,3.8,0.0295,13952.3,0,0,0
7/4/18,0.4282,97.9,3.8,0.0295,13952.3,0,0,0
7/5/18,0.4282,97.9,3.8,0.0295,13952.3,0,0,0
7/6/18,0.4282,97.9,3.8,0.0295,13952.3,0,0,0
7/7/18,0.4282,97.9,3.8,0.0295,13952.3,0,0,0
7/8/18,0.4282,97.9,3.8,0.0295,13952.3,0,0,0
7/9/18,0.4282,97.9,3.8,0.0295,13952.3,0,0,0
7/10/18,0.4282,97.9,3.8,0.0295,13952.3,0,0,0
7/11/18,0.4282,97.9,3.8,0.0295,13952.3,0,0,0
7/12/18,0.4282,97.9,3.8,0.0295,13952.3,0,0,0
7/13/18,0.4282,97.9,3.8,0.0295,13952.3,0,0,0
7/14/18,0.4282,97.9,3.8,0.0295,13952.3,0,0,0
7/15/18,0.4282,97.9,3.8,0.0295,13952.3,0,0,0
7/16/18,0.4282,97.9,3.8,0.0295,13952.3,0,0,0
7/17/18,0.4282,97.9,3.8,0.0295,13952.3,0,0,0
7/18/18,0.4282,97.9,3.8,0.0295,13952.3,0,0,0
7/19/18,0.4282,97.9,3.8,0.0295,13952.3,0,1,0
7/20/18,0.4282,97.9,3.8,0.0295,13952.3,0,1,0
7/21/18,0.4282,97.9,3.8,0.0295,13952.3,0,1,0
7/22/18,0.4282,97.9,3.8,0.0295,13952.3,0,1,0
7/23/18,0.4282,97.9,3.8,0.0295,13952.3,0,0,0
7/24/18,0.4282,97.9,3.8,0.0295,13952.3,0,0,0
7/25/18,0.4282,97.9,3.8,0.0295,13952.3,0,0,0
7/26/18,0.4282,97.9,3.8,0.0295,13952.3,0,0,0
7/27/18,0.4282,97.9,3.8,0.0295,13952.3,0,0,0
7/28/18,0.4282,97.9,3.8,0.0295,13952.3,0,0,0
7/29/18,0.4282,97.9,3.8,0.0295,13952.3,0,0,0
7/30/18,0.4282,97.9,3.8,0.0295,13952.3,0,0,0
7/31/18,0.4282,97.9,3.8,0.0295,13952.3,0,0,0
8/1/18,0.5329,96.2,3.8,0.027,14001.1,0,0,0
8/2/18,0.5329,96.2,3.8,0.027,14001.1,0,0,0
8/3/18,0.5329,96.2,3.8,0.027,14001.1,0,0,0
8/4/18,0.5329,96.2,3.8,0.027,14001.1,0,0,0
8/5/18,0.5329,96.2,3.8,0.027,14001.1,0,0,0
8/6/18,0.5329,96.2,3.8,0.027,14001.1,0,1,0
8/7/18,0.5329,96.2,3.8,0.027,14001.1,0,1,0
8/8/18,0.5329,96.2,3.8,0.027,14001.1,0,0,0
8/9/18,0.5329,96.2,3.8,0.027,14001.1,0,0,0
8/10/18,0.5329,96.2,3.8,0.027,14001.1,0,0,0
8/11/18,0.5329,96.2,3.8,0.027,14001.1,0,0,0
8/12/18,0.5329,96.2,3.8,0.027,14001.1,0,0,0
8/13/18,0.5329,96.2,3.8,0.027,14001.1,0,0,0
8/14/18,0.5329,96.2,3.8,0.027,14001.1,0,0,0
8/15/18,0.5329,96.2,3.8,0.027,14001.1,0,0,0
8/16/18,0.5329,96.2,3.8,0.027,14001.1,0,0,0
8/17/18,0.5329,96.2,3.8,0.027,14001.1,0,0,0
8/18/18,0.5329,96.2,3.8,0.027,14001.1,0,0,0
8/19/18,0.5329,96.2,3.8,0.027,14001.1,0,0,0
8/20/18,0.5329,96.2,3.8,0.027,14001.1,0,0,0
8/21/18,0.5329,96.2,3.8,0.027,14001.1,0,0,0
8/22/18,0.5329,96.2,3.8,0.027,14001.1,0,0,0
8/23/18,0.5329,96.2,3.8,0.027,14001.1,0,0,0
8/24/18,0.5329,96.2,3.8,0.027,14001.1,0,0,0
8/25/18,0.5329,96.2,3.8,0.027,14001.1,0,0,0
8/26/18,0.5329,96.2,3.8,0.027,14001.1,0,0,0
8/27/18,0.5329,96.2,3.8,0.027,14001.1,0,0,0
8/28/18,0.5329,96.2,3.8,0.027,14001.1,0,0,0
8/29/18,0.5329,96.2,3.8,0.027,14001.1,0,0,0
8/30/18,0.5329,96.2,3.8,0.027,14001.1,0,0,0
8/31/18,0.5329,96.2,3.8,0.027,14001.1,0,0,0
9/1/18,0.4733,100.1,3.7,0.0228,14013,0,0,0
9/2/18,0.4733,100.1,3.7,0.0228,14013,0,0,0
9/3/18,0.4733,100.1,3.7,0.0228,14013,0,0,0
9/4/18,0.4733,100.1,3.7,0.0228,14013,0,0,0
9/5/18,0.4733,100.1,3.7,0.0228,14013,0,0,0
9/6/18,0.4733,100.1,3.7,0.0228,14013,0,0,0
9/7/18,0.4733,100.1,3.7,0.0228,14013,0,0,0
9/8/18,0.4733,100.1,3.7,0.0228,14013,0,0,0
9/9/18,0.4733,100.1,3.7,0.0228,14013,0,0,0
9/10/18,0.4733,100.1,3.7,0.0228,14013,0,0,0
9/11/18,0.4733,100.1,3.7,0.0228,14013,0,0,0
9/12/18,0.4733,100.1,3.7,0.0228,14013,0,0,0
9/13/18,0.4733,100.1,3.7,0.0228,14013,0,1,0
9/14/18,0.4733,100.1,3.7,0.0228,14013,0,1,0
9/15/18,0.4733,100.1,3.7,0.0228,14013,0,1,0
9/16/18,0.4733,100.1,3.7,0.0228,14013,0,1,0
9/17/18,0.4733,100.1,3.7,0.0228,14013,0,0,0
9/18/18,0.4733,100.1,3.7,0.0228,14013,0,0,0
9/19/18,0.4733,100.1,3.7,0.0228,14013,0,0,0
9/20/18,0.4733,100.1,3.7,0.0228,14013,0,0,0
9/21/18,0.4733,100.1,3.7,0.0228,14013,0,0,0
9/22/18,0.4733,100.1,3.7,0.0228,14013,0,0,0
9/23/18,0.4733,100.1,3.7,0.0228,14013,0,0,0
9/24/18,0.4733,100.1,3.7,0.0228,14013,0,0,0
9/25/18,0.4733,100.1,3.7,0.0228,14013,0,0,0
9/26/18,0.4733,100.1,3.7,0.0228,14013,0,0,0
9/27/18,0.4733,100.1,3.7,0.0228,14013,0,0,0
9/28/18,0.4733,100.1,3.7,0.0228,14013,0,0,0
9/29/18,0.4733,100.1,3.7,0.0228,14013,0,0,0
9/30/18,0.4733,100.1,3.7,0.0228,14013,0,0,0
10/1/18,0.534,98.6,3.8,0.0252,14096.5,0,0,0
10/2/18,0.534,98.6,3.8,0.0252,14096.5,0,0,0
10/3/18,0.534,98.6,3.8,0.0252,14096.5,0,0,0
10/4/18,0.534,98.6,3.8,0.0252,14096.5,0,0,0
10/5/18,0.534,98.6,3.8,0.0252,14096.5,0,0,0
10/6/18,0.534,98.6,3.8,0.0252,14096.5,0,0,0
10/7/18,0.534,98.6,3.8,0.0252,14096.5,0,0,0
10/8/18,0.534,98.6,3.8,0.0252,14096.5,0,0,0
10/9/18,0.534,98.6,3.8,0.0252,14096.5,0,0,0
10/10/18,0.534,98.6,3.8,0.0252,14096.5,0,1,0
10/11/18,0.534,98.6,3.8,0.0252,14096.5,0,1,0
10/12/18,0.534,98.6,3.8,0.0252,14096.5,0,0,0
10/13/18,0.534,98.6,3.8,0.0252,14096.5,0,0,0
10/14/18,0.534,98.6,3.8,0.0252,14096.5,0,0,0
10/15/18,0.534,98.6,3.8,0.0252,14096.5,0,0,0
10/16/18,0.534,98.6,3.8,0.0252,14096.5,0,0,0
10/17/18,0.534,98.6,3.8,0.0252,14096.5,0,0,0
10/18/18,0.534,98.6,3.8,0.0252,14096.5,0,0,0
10/19/18,0.534,98.6,3.8,0.0252,14096.5,0,0,0
10/20/18,0.534,98.6,3.8,0.0252,14096.5,0,0,0
10/21/18,0.534,98.6,3.8,0.0252,14096.5,0,0,0
10/22/18,0.534,98.6,3.8,0.0252,14096.5,0,0,0
10/23/18,0.534,98.6,3.8,0.0252,14096.5,0,0,0
10/24/18,0.534,98.6,3.8,0.0252,14096.5,0,0,0
10/25/18,0.534,98.6,3.8,0.0252,14096.5,0,0,0
10/26/18,0.534,98.6,3.8,0.0252,14096.5,0,0,0
10/27/18,0.534,98.6,3.8,0.0252,14096.5,0,0,0
10/28/18,0.534,98.6,3.8,0.0252,14096.5,0,0,0
10/29/18,0.534,98.6,3.8,0.0252,14096.5,0,0,1
10/30/18,0.534,98.6,3.8,0.0252,14096.5,0,0,1
10/31/18,0.534,98.6,3.8,0.0252,14096.5,0,0,1
11/1/18,0.4362,97.5,3.8,0.0218,14160.6,0,0,0
11/2/18,0.4362,97.5,3.8,0.0218,14160.6,0,0,0
11/3/18,0.4362,97.5,3.8,0.0218,14160.6,0,0,0
11/4/18,0.4362,97.5,3.8,0.0218,14160.6,0,0,0
11/5/18,0.4362,97.5,3.8,0.0218,14160.6,0,0,0
11/6/18,0.4362,97.5,3.8,0.0218,14160.6,0,0,0
11/7/18,0.4362,97.5,3.8,0.0218,14160.6,0,0,0
11/8/18,0.4362,97.5,3.8,0.0218,14160.6,0,0,0
11/9/18,0.4362,97.5,3.8,0.0218,14160.6,0,0,0
11/10/18,0.4362,97.5,3.8,0.0218,14160.6,0,0,0
11/11/18,0.4362,97.5,3.8,0.0218,14160.6,0,0,0
11/12/18,0.4362,97.5,3.8,0.0218,14160.6,0,0,0
11/13/18,0.4362,97.5,3.8,0.0218,14160.6,0,0,0
11/14/18,0.4362,97.5,3.8,0.0218,14160.6,0,0,0
11/15/18,0.4362,97.5,3.8,0.0218,14160.6,0,0,1
11/16/18,0.4362,97.5,3.8,0.0218,14160.6,0,0,1
11/17/18,0.4362,97.5,3.8,0.0218,14160.6,0,0,1
11/18/18,0.4362,97.5,3.8,0.0218,14160.6,0,0,1
11/19/18,0.4362,97.5,3.8,0.0218,14160.6,0,0,1
11/20/18,0.4362,97.5,3.8,0.0218,14160.6,0,0,1
11/21/18,0.4362,97.5,3.8,0.0218,14160.6,0,0,1
11/22/18,0.4362,97.5,3.8,0.0218,14160.6,0,0,1
11/23/18,0.4362,97.5,3.8,0.0218,14160.6,0,0,1
11/24/18,0.4362,97.5,3.8,0.0218,14160.6,0,0,1
11/25/18,0.4362,97.5,3.8,0.0218,14160.6,0,0,1
11/26/18,0.4362,97.5,3.8,0.0218,14160.6,0,0,1
11/27/18,0.4362,97.5,3.8,0.0218,14160.6,0,0,1
11/28/18,0.4362,97.5,3.8,0.0218,14160.6,0,0,1
11/29/18,0.4362,97.5,3.8,0.0218,14160.6,0,0,1
11/30/18,0.4362,97.5,3.8,0.0218,14160.6,0,0,1
12/1/18,0.4468,98.3,3.9,0.0191,14051.7,0,0,1
12/2/18,0.4468,98.3,3.9,0.0191,14051.7,0,0,1
12/3/18,0.4468,98.3,3.9,0.0191,14051.7,0,0,1
12/4/18,0.4468,98.3,3.9,0.0191,14051.7,0,0,1
12/5/18,0.4468,98.3,3.9,0.0191,14051.7,0,0,1
12/6/18,0.4468,98.3,3.9,0.0191,14051.7,0,0,1
12/7/18,0.4468,98.3,3.9,0.0191,14051.7,0,0,1
12/8/18,0.4468,98.3,3.9,0.0191,14051.7,0,0,1
12/9/18,0.4468,98.3,3.9,0.0191,14051.7,0,0,1
12/10/18,0.4468,98.3,3.9,0.0191,14051.7,0,0,1
12/11/18,0.4468,98.3,3.9,0.0191,14051.7,0,0,1
12/12/18,0.4468,98.3,3.9,0.0191,14051.7,0,0,1
12/13/18,0.4468,98.3,3.9,0.0191,14051.7,0,0,1
12/14/18,0.4468,98.3,3.9,0.0191,14051.7,0,0,1
12/15/18,0.4468,98.3,3.9,0.0191,14051.7,0,0,1
12/16/18,0.4468,98.3,3.9,0.0191,14051.7,0,0,1
12/17/18,0.4468,98.3,3.9,0.0191,14051.7,0,0,1
12/18/18,0.4468,98.3,3.9,0.0191,14051.7,0,0,1
12/19/18,0.4468,98.3,3.9,0.0191,14051.7,0,0,1
12/20/18,0.4468,98.3,3.9,0.0191,14051.7,0,0,1
12/21/18,0.4468,98.3,3.9,0.0191,14051.7,0,0,1
12/22/18,0.4468,98.3,3.9,0.0191,14051.7,0,0,1
12/23/18,0.4468,98.3,3.9,0.0191,14051.7,0,0,1
12/24/18,0.4468,98.3,3.9,0.0191,14051.7,0,0,1
12/25/18,0.4468,98.3,3.9,0.0191,14051.7,0,0,1
12/26/18,0.4468,98.3,3.9,0.0191,14051.7,0,0,1
12/27/18,0.4468,98.3,3.9,0.0191,14051.7,0,0,1
12/28/18,0.4468,98.3,3.9,0.0191,14051.7,0,0,1
12/29/18,0.4468,98.3,3.9,0.0191,14051.7,0,0,1
12/30/18,0.4468,98.3,3.9,0.0191,14051.7,0,0,1
12/31/18,0.4468,98.3,3.9,0.0191,14051.7,0,0,1
1/1/19,0.5205,91.2,4,0.0155,14090,0,0,1
1/2/19,0.5205,91.2,4,0.0155,14090,0,0,1
1/3/19,0.5205,91.2,4,0.0155,14090,0,0,1
1/4/19,0.5205,91.2,4,0.0155,14090,0,0,1
1/5/19,0.5205,91.2,4,0.0155,14090,0,0,1
1/6/19,0.5205,91.2,4,0.0155,14090,0,0,0
1/7/19,0.5205,91.2,4,0.0155,14090,0,0,0
1/8/19,0.5205,91.2,4,0.0155,14090,0,0,0
1/9/19,0.5205,91.2,4,0.0155,14090,0,0,0
1/10/19,0.5205,91.2,4,0.0155,14090,0,0,0
1/11/19,0.5205,91.2,4,0.0155,14090,0,0,0
1/12/19,0.5205,91.2,4,0.0155,14090,0,0,0
1/13/19,0.5205,91.2,4,0.0155,14090,0,0,0
1/14/19,0.5205,91.2,4,0.0155,14090,0,0,0
1/15/19,0.5205,91.2,4,0.0155,14090,0,0,0
1/16/19,0.5205,91.2,4,0.0155,14090,0,0,0
1/17/19,0.5205,91.2,4,0.0155,14090,0,0,0
1/18/19,0.5205,91.2,4,0.0155,14090,0,0,0
1/19/19,0.5205,91.2,4,0.0155,14090,0,0,0
1/20/19,0.5205,91.2,4,0.0155,14090,0,0,0
1/21/19,0.5205,91.2,4,0.0155,14090,0,0,0
1/22/19,0.5205,91.2,4,0.0155,14090,0,0,0
1/23/19,0.5205,91.2,4,0.0155,14090,0,0,0
1/24/19,0.5205,91.2,4,0.0155,14090,0,0,0
1/25/19,0.5205,91.2,4,0.0155,14090,0,0,0
1/26/19,0.5205,91.2,4,0.0155,14090,0,0,0
1/27/19,0.5205,91.2,4,0.0155,14090,0,0,0
1/28/19,0.5205,91.2,4,0.0155,14090,0,0,0
1/29/19,0.5205,91.2,4,0.0155,14090,0,0,0
1/30/19,0.5205,91.2,4,0.0155,14090,0,0,0
1/31/19,0.5205,91.2,4,0.0155,14090,0,0,0
2/1/19,0.1204,93.8,3.8,0.0152,14113.9,0,0,0
2/2/19,0.1204,93.8,3.8,0.0152,14113.9,0,0,0
2/3/19,0.1204,93.8,3.8,0.0152,14113.9,0,0,0
2/4/19,0.1204,93.8,3.8,0.0152,14113.9,0,0,0
2/5/19,0.1204,93.8,3.8,0.0152,14113.9,0,0,0
2/6/19,0.1204,93.8,3.8,0.0152,14113.9,0,0,0
2/7/19,0.1204,93.8,3.8,0.0152,14113.9,0,0,0
2/8/19,0.1204,93.8,3.8,0.0152,14113.9,0,0,0
2/9/19,0.1204,93.8,3.8,0.0152,14113.9,0,0,0
2/10/19,0.1204,93.8,3.8,0.0152,14113.9,0,0,1
2/11/19,0.1204,93.8,3.8,0.0152,14113.9,0,0,1
2/12/19,0.1204,93.8,3.8,0.0152,14113.9,0,0,1
2/13/19,0.1204,93.8,3.8,0.0152,14113.9,0,0,1
2/14/19,0.1204,93.8,3.8,0.0152,14113.9,0,0,1
2/15/19,0.1204,93.8,3.8,0.0152,14113.9,0,0,0
2/16/19,0.1204,93.8,3.8,0.0152,14113.9,0,0,0
2/17/19,0.1204,93.8,3.8,0.0152,14113.9,0,0,0
2/18/19,0.1204,93.8,3.8,0.0152,14113.9,0,0,0
2/19/19,0.1204,93.8,3.8,0.0152,14113.9,0,0,0
2/20/19,0.1204,93.8,3.8,0.0152,14113.9,0,0,0
2/21/19,0.1204,93.8,3.8,0.0152,14113.9,0,0,0
2/22/19,0.1204,93.8,3.8,0.0152,14113.9,0,0,0
2/23/19,0.1204,93.8,3.8,0.0152,14113.9,0,1,0
2/24/19,0.1204,93.8,3.8,0.0152,14113.9,0,1,0
2/25/19,0.1204,93.8,3.8,0.0152,14113.9,0,1,0
2/26/19,0.1204,93.8,3.8,0.0152,14113.9,0,0,0
2/27/19,0.1204,93.8,3.8,0.0152,14113.9,0,0,0
2/28/19,0.1204,93.8,3.8,0.0152,14113.9,0,0,0
3/1/19,0.2003,98.4,3.8,0.0186,14233.8,0,0,0
3/2/19,0.2003,98.4,3.8,0.0186,14233.8,0,0,0
3/3/19,0.2003,98.4,3.8,0.0186,14233.8,0,0,0
3/4/19,0.2003,98.4,3.8,0.0186,14233.8,0,0,0
3/5/19,0.2003,98.4,3.8,0.0186,14233.8,0,0,0
3/6/19,0.2003,98.4,3.8,0.0186,14233.8,0,0,0
3/7/19,0.2003,98.4,3.8,0.0186,14233.8,0,0,0
3/8/19,0.2003,98.4,3.8,0.0186,14233.8,0,0,0
3/9/19,0.2003,98.4,3.8,0.0186,14233.8,0,0,0
3/10/19,0.2003,98.4,3.8,0.0186,14233.8,0,0,0
3/11/19,0.2003,98.4,3.8,0.0186,14233.8,0,0,0
3/12/19,0.2003,98.4,3.8,0.0186,14233.8,0,0,0
3/13/19,0.2003,98.4,3.8,0.0186,14233.8,0,0,0
3/14/19,0.2003,98.4,3.8,0.0186,14233.8,0,0,0
3/15/19,0.2003,98.4,3.8,0.0186,14233.8,0,0,0
3/16/19,0.2003,98.4,3.8,0.0186,14233.8,0,0,0
3/17/19,0.2003,98.4,3.8,0.0186,14233.8,0,0,0
3/18/19,0.2003,98.4,3.8,0.0186,14233.8,0,0,0
3/19/19,0.2003,98.4,3.8,0.0186,14233.8,0,0,0
3/20/19,0.2003,98.4,3.8,0.0186,14233.8,0,0,0
3/21/19,0.2003,98.4,3.8,0.0186,14233.8,0,0,0
3/22/19,0.2003,98.4,3.8,0.0186,14233.8,0,1,0
3/23/19,0.2003,98.4,3.8,0.0186,14233.8,0,1,0
3/24/19,0.2003,98.4,3.8,0.0186,14233.8,0,1,0
3/25/19,0.2003,98.4,3.8,0.0186,14233.8,0,0,0
3/26/19,0.2003,98.4,3.8,0.0186,14233.8,0,0,0
3/27/19,0.2003,98.4,3.8,0.0186,14233.8,0,0,0
3/28/19,0.2003,98.4,3.8,0.0186,14233.8,0,0,0
3/29/19,0.2003,98.4,3.8,0.0186,14233.8,0,0,0
3/30/19,0.2003,98.4,3.8,0.0186,14233.8,0,0,0
3/31/19,0.2003,98.4,3.8,0.0186,14233.8,0,0,0
4/1/19,0.0211,97.2,3.6,0.02,14272.6,0,0,0
4/2/19,0.0211,97.2,3.6,0.02,14272.6,0,0,0
4/3/19,0.0211,97.2,3.6,0.02,14272.6,0,0,0
4/4/19,0.0211,97.2,3.6,0.02,14272.6,0,0,0
4/5/19,0.0211,97.2,3.6,0.02,14272.6,0,0,0
4/6/19,0.0211,97.2,3.6,0.02,14272.6,0,0,0
4/7/19,0.0211,97.2,3.6,0.02,14272.6,0,0,0
4/8/19,0.0211,97.2,3.6,0.02,14272.6,0,0,0
4/9/19,0.0211,97.2,3.6,0.02,14272.6,0,0,0
4/10/19,0.0211,97.2,3.6,0.02,14272.6,0,0,0
4/11/19,0.0211,97.2,3.6,0.02,14272.6,0,0,0
4/12/19,0.0211,97.2,3.6,0.02,14272.6,0,0,0
4/13/19,0.0211,97.2,3.6,0.02,14272.6,0,1,0
4/14/19,0.0211,97.2,3.6,0.02,14272.6,0,1,0
4/15/19,0.0211,97.2,3.6,0.02,14272.6,0,0,0
4/16/19,0.0211,97.2,3.6,0.02,14272.6,0,0,0
4/17/19,0.0211,97.2,3.6,0.02,14272.6,0,0,1
4/18/19,0.0211,97.2,3.6,0.02,14272.6,0,0,1
4/19/19,0.0211,97.2,3.6,0.02,14272.6,0,0,1
4/20/19,0.0211,97.2,3.6,0.02,14272.6,0,0,1
4/21/19,0.0211,97.2,3.6,0.02,14272.6,0,0,1
4/22/19,0.0211,97.2,3.6,0.02,14272.6,0,0,0
4/23/19,0.0211,97.2,3.6,0.02,14272.6,0,0,0
4/24/19,0.0211,97.2,3.6,0.02,14272.6,0,0,0
4/25/19,0.0211,97.2,3.6,0.02,14272.6,0,0,0
4/26/19,0.0211,97.2,3.6,0.02,14272.6,0,0,0
4/27/19,0.0211,97.2,3.6,0.02,14272.6,0,0,0
4/28/19,0.0211,97.2,3.6,0.02,14272.6,0,0,0
4/29/19,0.0211,97.2,3.6,0.02,14272.6,0,0,0
4/30/19,0.0211,97.2,3.6,0.02,14272.6,0,0,0
5/1/19,-0.6494,100,3.7,0.0179,14322.1,0,0,0
5/2/19,-0.6494,100,3.7,0.0179,14322.1,0,0,0
5/3/19,-0.6494,100,3.7,0.0179,14322.1,0,0,0
5/4/19,-0.6494,100,3.7,0.0179,14322.1,0,0,0
5/5/19,-0.6494,100,3.7,0.0179,14322.1,0,0,0
5/6/19,-0.6494,100,3.7,0.0179,14322.1,0,0,0
5/7/19,-0.6494,100,3.7,0.0179,14322.1,0,1,0
5/8/19,-0.6494,100,3.7,0.0179,14322.1,0,1,0
5/9/19,-0.6494,100,3.7,0.0179,14322.1,0,1,0
5/10/19,-0.6494,100,3.7,0.0179,14322.1,0,1,0
5/11/19,-0.6494,100,3.7,0.0179,14322.1,0,1,0
5/12/19,-0.6494,100,3.7,0.0179,14322.1,0,1,0
5/13/19,-0.6494,100,3.7,0.0179,14322.1,0,1,0
5/14/19,-0.6494,100,3.7,0.0179,14322.1,0,0,0
5/15/19,-0.6494,100,3.7,0.0179,14322.1,0,0,0
5/16/19,-0.6494,100,3.7,0.0179,14322.1,0,1,0
5/17/19,-0.6494,100,3.7,0.0179,14322.1,0,1,0
5/18/19,-0.6494,100,3.7,0.0179,14322.1,0,1,0
5/19/19,-0.6494,100,3.7,0.0179,14322.1,0,0,0
5/20/19,-0.6494,100,3.7,0.0179,14322.1,0,0,0
5/21/19,-0.6494,100,3.7,0.0179,14322.1,0,0,0
5/22/19,-0.6494,100,3.7,0.0179,14322.1,0,0,0
5/23/19,-0.6494,100,3.7,0.0179,14322.1,0,0,0
5/24/19,-0.6494,100,3.7,0.0179,14322.1,0,0,0
5/25/19,-0.6494,100,3.7,0.0179,14322.1,0,0,0
5/26/19,-0.6494,100,3.7,0.0179,14322.1,0,1,0
5/27/19,-0.6494,100,3.7,0.0179,14322.1,0,1,0
5/28/19,-0.6494,100,3.7,0.0179,14322.1,0,1,0
5/29/19,-0.6494,100,3.7,0.0179,14322.1,0,1,0
5/30/19,-0.6494,100,3.7,0.0179,14322.1,0,0,0
5/31/19,-0.6494,100,3.7,0.0179,14322.1,0,0,0
6/1/19,-0.4911,98.2,3.6,0.0165,14376.6,0,0,0
6/2/19,-0.4911,98.2,3.6,0.0165,14376.6,0,0,0
6/3/19,-0.4911,98.2,3.6,0.0165,14376.6,0,0,0
6/4/19,-0.4911,98.2,3.6,0.0165,14376.6,0,0,0
6/5/19,-0.4911,98.2,3.6,0.0165,14376.6,0,0,0
6/6/19,-0.4911,98.2,3.6,0.0165,14376.6,0,0,0
6/7/19,-0.4911,98.2,3.6,0.0165,14376.6,0,0,0
6/8/19,-0.4911,98.2,3.6,0.0165,14376.6,0,0,0
6/9/19,-0.4911,98.2,3.6,0.0165,14376.6,0,0,0
6/10/19,-0.4911,98.2,3.6,0.0165,14376.6,0,0,0
6/11/19,-0.4911,98.2,3.6,0.0165,14376.6,0,0,0
6/12/19,-0.4911,98.2,3.6,0.0165,14376.6,0,0,0
6/13/19,-0.4911,98.2,3.6,0.0165,14376.6,0,0,0
6/14/19,-0.4911,98.2,3.6,0.0165,14376.6,0,0,0
6/15/19,-0.4911,98.2,3.6,0.0165,14376.6,0,0,0
6/16/19,-0.4911,98.2,3.6,0.0165,14376.6,0,0,0
6/17/19,-0.4911,98.2,3.6,0.0165,14376.6,0,0,0
6/18/19,-0.4911,98.2,3.6,0.0165,14376.6,0,0,0
6/19/19,-0.4911,98.2,3.6,0.0165,14376.6,0,0,0
6/20/19,-0.4911,98.2,3.6,0.0165,14376.6,0,0,0
6/21/19,-0.4911,98.2,3.6,0.0165,14376.6,0,0,0
6/22/19,-0.4911,98.2,3.6,0.0165,14376.6,0,0,0
6/23/19,-0.4911,98.2,3.6,0.0165,14376.6,0,0,0
6/24/19,-0.4911,98.2,3.6,0.0165,14376.6,0,0,0
6/25/19,-0.4911,98.2,3.6,0.0165,14376.6,0,0,0
6/26/19,-0.4911,98.2,3.6,0.0165,14376.6,0,0,0
6/27/19,-0.4911,98.2,3.6,0.0165,14376.6,0,0,0
6/28/19,-0.4911,98.2,3.6,0.0165,14376.6,0,0,0
6/29/19,-0.4911,98.2,3.6,0.0165,14376.6,0,0,0
6/30/19,-0.4911,98.2,3.6,0.0165,14376.6,0,0,0
7/1/19,-0.4554,98.4,3.7,0.0181,14448.3,0,0,0
7/2/19,-0.4554,98.4,3.7,0.0181,14448.3,0,0,0
7/3/19,-0.4554,98.4,3.7,0.0181,14448.3,0,0,0
7/4/19,-0.4554,98.4,3.7,0.0181,14448.3,0,1,0
7/5/19,-0.4554,98.4,3.7,0.0181,14448.3,0,1,0
7/6/19,-0.4554,98.4,3.7,0.0181,14448.3,0,0,0
7/7/19,-0.4554,98.4,3.7,0.0181,14448.3,0,0,0
7/8/19,-0.4554,98.4,3.7,0.0181,14448.3,0,0,0
7/9/19,-0.4554,98.4,3.7,0.0181,14448.3,0,0,0
7/10/19,-0.4554,98.4,3.7,0.0181,14448.3,0,0,0
7/11/19,-0.4554,98.4,3.7,0.0181,14448.3,0,0,0
7/12/19,-0.4554,98.4,3.7,0.0181,14448.3,0,0,0
7/13/19,-0.4554,98.4,3.7,0.0181,14448.3,0,0,0
7/14/19,-0.4554,98.4,3.7,0.0181,14448.3,0,0,0
7/15/19,-0.4554,98.4,3.7,0.0181,14448.3,0,0,0
7/16/19,-0.4554,98.4,3.7,0.0181,14448.3,0,0,0
7/17/19,-0.4554,98.4,3.7,0.0181,14448.3,0,0,0
7/18/19,-0.4554,98.4,3.7,0.0181,14448.3,0,0,0
7/19/19,-0.4554,98.4,3.7,0.0181,14448.3,0,0,0
7/20/19,-0.4554,98.4,3.7,0.0181,14448.3,0,0,0
7/21/19,-0.4554,98.4,3.7,0.0181,14448.3,0,0,0
7/22/19,-0.4554,98.4,3.7,0.0181,14448.3,0,0,0
7/23/19,-0.4554,98.4,3.7,0.0181,14448.3,0,0,0
7/24/19,-0.4554,98.4,3.7,0.0181,14448.3,0,0,0
7/25/19,-0.4554,98.4,3.7,0.0181,14448.3,0,0,0
7/26/19,-0.4554,98.4,3.7,0.0181,14448.3,0,0,0
7/27/19,-0.4554,98.4,3.7,0.0181,14448.3,0,0,0
7/28/19,-0.4554,98.4,3.7,0.0181,14448.3,0,0,0
7/29/19,-0.4554,98.4,3.7,0.0181,14448.3,0,0,0
7/30/19,-0.4554,98.4,3.7,0.0181,14448.3,0,0,0
7/31/19,-0.4554,98.4,3.7,0.0181,14448.3,0,0,0
8/1/19,-0.3271,89.8,3.7,0.0175,14487,0,0,0
8/2/19,-0.3271,89.8,3.7,0.0175,14487,0,0,0
8/3/19,-0.3271,89.8,3.7,0.0175,14487,0,0,0
8/4/19,-0.3271,89.8,3.7,0.0175,14487,0,0,0
8/5/19,-0.3271,89.8,3.7,0.0175,14487,0,0,0
8/6/19,-0.3271,89.8,3.7,0.0175,14487,0,0,0
8/7/19,-0.3271,89.8,3.7,0.0175,14487,0,0,0
8/8/19,-0.3271,89.8,3.7,0.0175,14487,0,0,0
8/9/19,-0.3271,89.8,3.7,0.0175,14487,0,0,0
8/10/19,-0.3271,89.8,3.7,0.0175,14487,0,0,0
8/11/19,-0.3271,89.8,3.7,0.0175,14487,0,0,0
8/12/19,-0.3271,89.8,3.7,0.0175,14487,0,0,0
8/13/19,-0.3271,89.8,3.7,0.0175,14487,0,0,0
8/14/19,-0.3271,89.8,3.7,0.0175,14487,0,0,0
8/15/19,-0.3271,89.8,3.7,0.0175,14487,0,0,0
8/16/19,-0.3271,89.8,3.7,0.0175,14487,0,0,0
8/17/19,-0.3271,89.8,3.7,0.0175,14487,0,0,0
8/18/19,-0.3271,89.8,3.7,0.0175,14487,0,0,0
8/19/19,-0.3271,89.8,3.7,0.0175,14487,0,0,0
8/20/19,-0.3271,89.8,3.7,0.0175,14487,0,0,0
8/21/19,-0.3271,89.8,3.7,0.0175,14487,0,0,0
8/22/19,-0.3271,89.8,3.7,0.0175,14487,0,0,0
8/23/19,-0.3271,89.8,3.7,0.0175,14487,0,0,0
8/24/19,-0.3271,89.8,3.7,0.0175,14487,0,0,0
8/25/19,-0.3271,89.8,3.7,0.0175,14487,0,0,0
8/26/19,-0.3271,89.8,3.7,0.0175,14487,0,0,0
8/27/19,-0.3271,89.8,3.7,0.0175,14487,0,0,0
8/28/19,-0.3271,89.8,3.7,0.0175,14487,0,1,0
8/29/19,-0.3271,89.8,3.7,0.0175,14487,0,1,0
8/30/19,-0.3271,89.8,3.7,0.0175,14487,0,1,0
8/31/19,-0.3271,89.8,3.7,0.0175,14487,0,1,0
9/1/19,0.1066,93.2,3.5,0.0171,14511.2,0,1,0
9/2/19,0.1066,93.2,3.5,0.0171,14511.2,0,1,0
9/3/19,0.1066,93.2,3.5,0.0171,14511.2,0,1,0
9/4/19,0.1066,93.2,3.5,0.0171,14511.2,0,1,0
9/5/19,0.1066,93.2,3.5,0.0171,14511.2,0,1,0
9/6/19,0.1066,93.2,3.5,0.0171,14511.2,0,1,0
9/7/19,0.1066,93.2,3.5,0.0171,14511.2,0,0,0
9/8/19,0.1066,93.2,3.5,0.0171,14511.2,0,0,0
9/9/19,0.1066,93.2,3.5,0.0171,14511.2,0,0,0
9/10/19,0.1066,93.2,3.5,0.0171,14511.2,0,0,0
9/11/19,0.1066,93.2,3.5,0.0171,14511.2,0,0,0
9/12/19,0.1066,93.2,3.5,0.0171,14511.2,0,0,0
9/13/19,0.1066,93.2,3.5,0.0171,14511.2,0,0,0
9/14/19,0.1066,93.2,3.5,0.0171,14511.2,0,0,0
9/15/19,0.1066,93.2,3.5,0.0171,14511.2,0,0,0
9/16/19,0.1066,93.2,3.5,0.0171,14511.2,0,0,0
9/17/19,0.1066,93.2,3.5,0.0171,14511.2,0,1,0
9/18/19,0.1066,93.2,3.5,0.0171,14511.2,0,1,0
9/19/19,0.1066,93.2,3.5,0.0171,14511.2,0,1,0
9/20/19,0.1066,93.2,3.5,0.0171,14511.2,0,1,0
9/21/19,0.1066,93.2,3.5,0.0171,14511.2,0,1,0
9/22/19,0.1066,93.2,3.5,0.0171,14511.2,0,0,0
9/23/19,0.1066,93.2,3.5,0.0171,14511.2,0,0,0
9/24/19,0.1066,93.2,3.5,0.0171,14511.2,0,0,0
9/25/19,0.1066,93.2,3.5,0.0171,14511.2,0,0,0
9/26/19,0.1066,93.2,3.5,0.0171,14511.2,0,0,0
9/27/19,0.1066,93.2,3.5,0.0171,14511.2,0,0,0
9/28/19,0.1066,93.2,3.5,0.0171,14511.2,0,0,0
9/29/19,0.1066,93.2,3.5,0.0171,14511.2,0,0,0
9/30/19,0.1066,93.2,3.5,0.0171,14511.2,0,0,0
10/1/19,0.0345,95.5,3.6,0.0176,14554.2,0,0,0
10/2/19,0.0345,95.5,3.6,0.0176,14554.2,0,0,0
10/3/19,0.0345,95.5,3.6,0.0176,14554.2,0,0,0
10/4/19,0.0345,95.5,3.6,0.0176,14554.2,0,0,0
10/5/19,0.0345,95.5,3.6,0.0176,14554.2,0,0,0
10/6/19,0.0345,95.5,3.6,0.0176,14554.2,0,0,0
10/7/19,0.0345,95.5,3.6,0.0176,14554.2,0,0,0
10/8/19,0.0345,95.5,3.6,0.0176,14554.2,0,0,0
10/9/19,0.0345,95.5,3.6,0.0176,14554.2,0,0,0
10/10/19,0.0345,95.5,3.6,0.0176,14554.2,0,0,0
10/11/19,0.0345,95.5,3.6,0.0176,14554.2,0,0,0
10/12/19,0.0345,95.5,3.6,0.0176,14554.2,0,0,0
10/13/19,0.0345,95.5,3.6,0.0176,14554.2,0,0,0
10/14/19,0.0345,95.5,3.6,0.0176,14554.2,0,0,0
10/15/19,0.0345,95.5,3.6,0.0176,14554.2,0,0,0
10/16/19,0.0345,95.5,3.6,0.0176,14554.2,0,0,0
10/17/19,0.0345,95.5,3.6,0.0176,14554.2,0,0,0
10/18/19,0.0345,95.5,3.6,0.0176,14554.2,0,0,0
10/19/19,0.0345,95.5,3.6,0.0176,14554.2,0,0,0
10/20/19,0.0345,95.5,3.6,0.0176,14554.2,0,1,0
10/21/19,0.0345,95.5,3.6,0.0176,14554.2,0,0,0
10/22/19,0.0345,95.5,3.6,0.0176,14554.2,0,0,0
10/23/19,0.0345,95.5,3.6,0.0176,14554.2,0,0,0
10/24/19,0.0345,95.5,3.6,0.0176,14554.2,0,0,0
10/25/19,0.0345,95.5,3.6,0.0176,14554.2,0,0,0
10/26/19,0.0345,95.5,3.6,0.0176,14554.2,0,0,0
10/27/19,0.0345,95.5,3.6,0.0176,14554.2,0,0,0
10/28/19,0.0345,95.5,3.6,0.0176,14554.2,0,0,0
10/29/19,0.0345,95.5,3.6,0.0176,14554.2,0,0,1
10/30/19,0.0345,95.5,3.6,0.0176,14554.2,0,0,1
10/31/19,0.0345,95.5,3.6,0.0176,14554.2,0,0,1
11/1/19,0.0964,96.8,3.6,0.0205,14613.8,0,0,0
11/2/19,0.0964,96.8,3.6,0.0205,14613.8,0,0,0
11/3/19,0.0964,96.8,3.6,0.0205,14613.8,0,0,0
11/4/19,0.0964,96.8,3.6,0.0205,14613.8,0,0,0
11/5/19,0.0964,96.8,3.6,0.0205,14613.8,0,0,0
11/6/19,0.0964,96.8,3.6,0.0205,14613.8,0,0,0
11/7/19,0.0964,96.8,3.6,0.0205,14613.8,0,0,0
11/8/19,0.0964,96.8,3.6,0.0205,14613.8,0,0,0
11/9/19,0.0964,96.8,3.6,0.0205,14613.8,0,0,0
11/10/19,0.0964,96.8,3.6,0.0205,14613.8,0,0,0
11/11/19,0.0964,96.8,3.6,0.0205,14613.8,0,0,0
11/12/19,0.0964,96.8,3.6,0.0205,14613.8,0,0,0
11/13/19,0.0964,96.8,3.6,0.0205,14613.8,0,0,0
11/14/19,0.0964,96.8,3.6,0.0205,14613.8,0,0,0
11/15/19,0.0964,96.8,3.6,0.0205,14613.8,0,0,1
11/16/19,0.0964,96.8,3.6,0.0205,14613.8,0,0,1
11/17/19,0.0964,96.8,3.6,0.0205,14613.8,0,0,1
11/18/19,0.0964,96.8,3.6,0.0205,14613.8,0,0,1
11/19/19,0.0964,96.8,3.6,0.0205,14613.8,0,0,1
11/20/19,0.0964,96.8,3.6,0.0205,14613.8,0,0,1
11/21/19,0.0964,96.8,3.6,0.0205,14613.8,0,0,1
11/22/19,0.0964,96.8,3.6,0.0205,14613.8,0,0,1
11/23/19,0.0964,96.8,3.6,0.0205,14613.8,0,0,1
11/24/19,0.0964,96.8,3.6,0.0205,14613.8,0,0,1
11/25/19,0.0964,96.8,3.6,0.0205,14613.8,0,0,1
11/26/19,0.0964,96.8,3.6,0.0205,14613.8,0,0,1
11/27/19,0.0964,96.8,3.6,0.0205,14613.8,0,0,1
11/28/19,0.0964,96.8,3.6,0.0205,14613.8,0,0,1
11/29/19,0.0964,96.8,3.6,0.0205,14613.8,0,0,1
11/30/19,0.0964,96.8,3.6,0.0205,14613.8,0,0,1
12/1/19,0.0074,99.3,3.6,0.0229,14689.2,0,0,1
12/2/19,0.0074,99.3,3.6,0.0229,14689.2,0,0,1
12/3/19,0.0074,99.3,3.6,0.0229,14689.2,0,0,1
12/4/19,0.0074,99.3,3.6,0.0229,14689.2,0,0,1
12/5/19,0.0074,99.3,3.6,0.0229,14689.2,0,0,1
12/6/19,0.0074,99.3,3.6,0.0229,14689.2,0,0,1
12/7/19,0.0074,99.3,3.6,0.0229,14689.2,0,0,1
12/8/19,0.0074,99.3,3.6,0.0229,14689.2,0,0,1
12/9/19,0.0074,99.3,3.6,0.0229,14689.2,0,0,1
12/10/19,0.0074,99.3,3.6,0.0229,14689.2,0,0,1
12/11/19,0.0074,99.3,3.6,0.0229,14689.2,0,0,1
12/12/19,0.0074,99.3,3.6,0.0229,14689.2,0,0,1
12/13/19,0.0074,99.3,3.6,0.0229,14689.2,0,0,1
12/14/19,0.0074,99.3,3.6,0.0229,14689.2,0,0,1
12/15/19,0.0074,99.3,3.6,0.0229,14689.2,0,0,1
12/16/19,0.0074,99.3,3.6,0.0229,14689.2,0,0,1
12/17/19,0.0074,99.3,3.6,0.0229,14689.2,0,0,1
12/18/19,0.0074,99.3,3.6,0.0229,14689.2,0,0,1
12/19/19,0.0074,99.3,3.6,0.0229,14689.2,0,0,1
12/20/19,0.0074,99.3,3.6,0.0229,14689.2,0,0,1
12/21/19,0.0074,99.3,3.6,0.0229,14689.2,0,0,1
12/22/19,0.0074,99.3,3.6,0.0229,14689.2,0,0,1
12/23/19,0.0074,99.3,3.6,0.0229,14689.2,0,0,1
12/24/19,0.0074,99.3,3.6,0.0229,14689.2,0,0,1
12/25/19,0.0074,99.3,3.6,0.0229,14689.2,0,0,1
12/26/19,0.0074,99.3,3.6,0.0229,14689.2,0,0,1
12/27/19,0.0074,99.3,3.6,0.0229,14689.2,0,0,1
12/28/19,0.0074,99.3,3.6,0.0229,14689.2,0,0,1
12/29/19,0.0074,99.3,3.6,0.0229,14689.2,0,0,1
12/30/19,0.0074,99.3,3.6,0.0229,14689.2,0,0,1
12/31/19,0.0074,99.3,3.6,0.0229,14689.2,0,0,1
1/1/20,0.0434,99.8,3.5,0.0249,14728.8,0,0,1
1/2/20,0.0434,99.8,3.5,0.0249,14728.8,0,0,1
1/3/20,0.0434,99.8,3.5,0.0249,14728.8,0,0,1
1/4/20,0.0434,99.8,3.5,0.0249,14728.8,0,0,1
1/5/20,0.0434,99.8,3.5,0.0249,14728.8,0,0,1
1/6/20,0.0434,99.8,3.5,0.0249,14728.8,0,0,0
1/7/20,0.0434,99.8,3.5,0.0249,14728.8,0,0,0
1/8/20,0.0434,99.8,3.5,0.0249,14728.8,0,0,0
1/9/20,0.0434,99.8,3.5,0.0249,14728.8,0,0,0
1/10/20,0.0434,99.8,3.5,0.0249,14728.8,0,1,0
1/11/20,0.0434,99.8,3.5,0.0249,14728.8,0,1,0
1/12/20,0.0434,99.8,3.5,0.0249,14728.8,0,1,0
1/13/20,0.0434,99.8,3.5,0.0249,14728.8,0,0,0
1/14/20,0.0434,99.8,3.5,0.0249,14728.8,0,0,0
1/15/20,0.0434,99.8,3.5,0.0249,14728.8,0,0,0
1/16/20,0.0434,99.8,3.5,0.0249,14728.8,0,0,0
1/17/20,0.0434,99.8,3.5,0.0249,14728.8,0,0,0
1/18/20,0.0434,99.8,3.5,0.0249,14728.8,0,0,0
1/19/20,0.0434,99.8,3.5,0.0249,14728.8,0,0,0
1/20/20,0.0434,99.8,3.5,0.0249,14728.8,0,0,0
1/21/20,0.0434,99.8,3.5,0.0249,14728.8,0,0,0
1/22/20,0.0434,99.8,3.5,0.0249,14728.8,0,0,0
1/23/20,0.0434,99.8,3.5,0.0249,14728.8,0,0,0
1/24/20,0.0434,99.8,3.5,0.0249,14728.8,1,0,0
1/25/20,0.0434,99.8,3.5,0.0249,14728.8,0,0,0
1/26/20,0.0434,99.8,3.5,0.0249,14728.8,3,0,0
1/27/20,0.0434,99.8,3.5,0.0249,14728.8,0,0,0
1/28/20,0.0434,99.8,3.5,0.0249,14728.8,0,0,0
1/29/20,0.0434,99.8,3.5,0.0249,14728.8,1,0,0
1/30/20,0.0434,99.8,3.5,0.0249,14728.8,0,0,0
1/31/20,0.0434,99.8,3.5,0.0249,14728.8,2,0,0
2/1/20,1.103,101,3.5,0.0233,14785.7,0,0,0
2/2/20,1.103,101,3.5,0.0233,14785.7,0,0,0
2/3/20,1.103,101,3.5,0.0233,14785.7,3,0,0
2/4/20,1.103,101,3.5,0.0233,14785.7,0,0,0
2/5/20,1.103,101,3.5,0.0233,14785.7,0,1,0
2/6/20,1.103,101,3.5,0.0233,14785.7,1,1,0
2/7/20,1.103,101,3.5,0.0233,14785.7,0,1,0
2/8/20,1.103,101,3.5,0.0233,14785.7,0,0,0
2/9/20,1.103,101,3.5,0.0233,14785.7,0,0,0
2/10/20,1.103,101,3.5,0.0233,14785.7,0,0,1
2/11/20,1.103,101,3.5,0.0233,14785.7,1,0,1
2/12/20,1.103,101,3.5,0.0233,14785.7,0,0,1
2/13/20,1.103,101,3.5,0.0233,14785.7,1,0,1
2/14/20,1.103,101,3.5,0.0233,14785.7,0,0,1
2/15/20,1.103,101,3.5,0.0233,14785.7,0,0,0
2/16/20,1.103,101,3.5,0.0233,14785.7,0,0,0
2/17/20,1.103,101,3.5,0.0233,14785.7,0,0,0
2/18/20,1.103,101,3.5,0.0233,14785.7,0,0,0
2/19/20,1.103,101,3.5,0.0233,14785.7,0,0,0
2/20/20,1.103,101,3.5,0.0233,14785.7,0,0,0
2/21/20,1.103,101,3.5,0.0233,14785.7,2,0,0
2/22/20,1.103,101,3.5,0.0233,14785.7,0,0,0
2/23/20,1.103,101,3.5,0.0233,14785.7,0,0,0
2/24/20,1.103,101,3.5,0.0233,14785.7,0,0,0
2/25/20,1.103,101,3.5,0.0233,14785.7,0,0,0
2/26/20,1.103,101,3.5,0.0233,14785.7,0,0,0
2/27/20,1.103,101,3.5,0.0233,14785.7,1,0,0
2/28/20,1.103,101,3.5,0.0233,14785.7,0,0,0
2/29/20,1.103,101,3.5,0.0233,14785.7,8,0,0
3/1/20,2.462,89.1,4.4,0.0154,13806,7,0,0
3/2/20,2.462,89.1,4.4,0.0154,13806,23,1,0
3/3/20,2.462,89.1,4.4,0.0154,13806,19,1,0
3/4/20,2.462,89.1,4.4,0.0154,13806,33,1,0
3/5/20,2.462,89.1,4.4,0.0154,13806,77,0,0
3/6/20,2.462,89.1,4.4,0.0154,13806,53,0,0
3/7/20,2.462,89.1,4.4,0.0154,13806,166,0,0
3/8/20,2.462,89.1,4.4,0.0154,13806,116,0,0
3/9/20,2.462,89.1,4.4,0.0154,13806,75,0,0
3/10/20,2.462,89.1,4.4,0.0154,13806,188,0,0
3/11/20,2.462,89.1,4.4,0.0154,13806,365,0,0
3/12/20,2.462,89.1,4.4,0.0154,13806,439,0,0
3/13/20,2.462,89.1,4.4,0.0154,13806,633,0,0
3/14/20,2.462,89.1,4.4,0.0154,13806,759,0,0
3/15/20,2.462,89.1,4.4,0.0154,13806,234,0,0
3/16/20,2.462,89.1,4.4,0.0154,13806,1467,0,0
3/17/20,2.462,89.1,4.4,0.0154,13806,1833,0,0
3/18/20,2.462,89.1,4.4,0.0154,13806,2657,0,0
3/19/20,2.462,89.1,4.4,0.0154,13806,4494,0,0
3/20/20,2.462,89.1,4.4,0.0154,13806,6367,0,0
3/21/20,2.462,89.1,4.4,0.0154,13806,5995,0,0
3/22/20,2.462,89.1,4.4,0.0154,13806,8919,0,0
3/23/20,2.462,89.1,4.4,0.0154,13806,11152,0,0
3/24/20,2.462,89.1,4.4,0.0154,13806,10618,0,0
3/25/20,2.462,89.1,4.4,0.0154,13806,12127,0,0
3/26/20,2.462,89.1,4.4,0.0154,13806,17821,0,0
3/27/20,2.462,89.1,4.4,0.0154,13806,18591,1,0
3/28/20,2.462,89.1,4.4,0.0154,13806,22164,1,0
3/29/20,2.462,89.1,4.4,0.0154,13806,16127,0,0
3/30/20,2.462,89.1,4.4,0.0154,13806,22154,0,0
3/31/20,2.462,89.1,4.4,0.0154,13806,26381,0,0
4/1/20,3.095,71.8,14.7,0.0033,12082.4,35814,0,0
4/2/20,3.095,71.8,14.7,0.0033,12082.4,32276,0,0
4/3/20,3.095,71.8,14.7,0.0033,12082.4,32440,0,0
4/4/20,3.095,71.8,14.7,0.0033,12082.4,31719,0,0
4/5/20,3.095,71.8,14.7,0.0033,12082.4,28775,0,0
4/6/20,3.095,71.8,14.7,0.0033,12082.4,31991,0,0
4/7/20,3.095,71.8,14.7,0.0033,12082.4,30150,1,0
4/8/20,3.095,71.8,14.7,0.0033,12082.4,31244,1,1
4/9/20,3.095,71.8,14.7,0.0033,12082.4,36022,0,1
4/10/20,3.095,71.8,14.7,0.0033,12082.4,34189,0,1
4/11/20,3.095,71.8,14.7,0.0033,12082.4,28979,0,1
4/12/20,3.095,71.8,14.7,0.0033,12082.4,25858,1,1
4/13/20,3.095,71.8,14.7,0.0033,12082.4,27244,1,0
4/14/20,3.095,71.8,14.7,0.0033,12082.4,28497,0,0
4/15/20,3.095,71.8,14.7,0.0033,12082.4,26375,0,0
4/16/20,3.095,71.8,14.7,0.0033,12082.4,29673,0,0
4/17/20,3.095,71.8,14.7,0.0033,12082.4,33148,0,0
4/18/20,3.095,71.8,14.7,0.0033,12082.4,27325,0,0
4/19/20,3.095,71.8,14.7,0.0033,12082.4,25035,0,0
4/20/20,3.095,71.8,14.7,0.0033,12082.4,30653,0,0
4/21/20,3.095,71.8,14.7,0.0033,12082.4,25941,1,0
4/22/20,3.095,71.8,14.7,0.0033,12082.4,29946,1,0
4/23/20,3.095,71.8,14.7,0.0033,12082.4,32050,1,0
4/24/20,3.095,71.8,14.7,0.0033,12082.4,31497,0,0
4/25/20,3.095,71.8,14.7,0.0033,12082.4,30591,0,0
4/26/20,3.095,71.8,14.7,0.0033,12082.4,25865,0,0
4/27/20,3.095,71.8,14.7,0.0033,12082.4,24738,1,0
4/28/20,3.095,71.8,14.7,0.0033,12082.4,24527,1,0
4/29/20,3.095,71.8,14.7,0.0033,12082.4,26799,1,0
4/30/20,3.095,71.8,14.7,0.0033,12082.4,29559,1,0
5/1/20,2.554,72.3,13.2,0.0012,13129.4,34846,0,0
5/2/20,2.554,72.3,13.2,0.0012,13129.4,26609,0,0
5/3/20,2.554,72.3,13.2,0.0012,13129.4,23579,1,0
5/4/20,2.554,72.3,13.2,0.0012,13129.4,24020,1,0
5/5/20,2.554,72.3,13.2,0.0012,13129.4,24052,1,0
5/6/20,2.554,72.3,13.2,0.0012,13129.4,24390,0,0
5/7/20,2.554,72.3,13.2,0.0012,13129.4,27625,0,0
5/8/20,2.554,72.3,13.2,0.0012,13129.4,27137,0,0
5/9/20,2.554,72.3,13.2,0.0012,13129.4,24145,0,0
5/10/20,2.554,72.3,13.2,0.0012,13129.4,18693,0,0
5/11/20,2.554,72.3,13.2,0.0012,13129.4,19258,0,0
5/12/20,2.554,72.3,13.2,0.0012,13129.4,23484,0,0
5/13/20,2.554,72.3,13.2,0.0012,13129.4,20068,0,0
5/14/20,2.554,72.3,13.2,0.0012,13129.4,25878,0,0
5/15/20,2.554,72.3,13.2,0.0012,13129.4,24827,0,0
5/16/20,2.554,72.3,13.2,0.0012,13129.4,23885,0,0
5/17/20,2.554,72.3,13.2,0.0012,13129.4,18627,0,0
5/18/20,2.554,72.3,13.2,0.0012,13129.4,22391,0,0
5/19/20,2.554,72.3,13.2,0.0012,13129.4,20549,0,0
5/20/20,2.554,72.3,13.2,0.0012,13129.4,22838,1,0
5/21/20,2.554,72.3,13.2,0.0012,13129.4,25093,1,0
5/22/20,2.554,72.3,13.2,0.0012,13129.4,23831,1,0
5/23/20,2.554,72.3,13.2,0.0012,13129.4,19885,1,0
5/24/20,2.554,72.3,13.2,0.0012,13129.4,20112,0,0
5/25/20,2.554,72.3,13.2,0.0012,13129.4,19174,0,0
5/26/20,2.554,72.3,13.2,0.0012,13129.4,18692,0,0
5/27/20,2.554,72.3,13.2,0.0012,13129.4,18801,1,0
5/28/20,2.554,72.3,13.2,0.0012,13129.4,21129,0,0
5/29/20,2.554,72.3,13.2,0.0012,13129.4,24777,0,0
5/30/20,2.554,72.3,13.2,0.0012,13129.4,22714,0,0
5/31/20,2.554,72.3,13.2,0.0012,13129.4,18763,0,0
6/1/20,2.298,78.1,11,0.0065,13937.5,17853,0,0
6/2/20,2.298,78.1,11,0.0065,13937.5,20060,0,0
6/3/20,2.298,78.1,11,0.0065,13937.5,19085,0,0
6/4/20,2.298,78.1,11,0.0065,13937.5,27807,0,0
6/5/20,2.298,78.1,11,0.0065,13937.5,26338,0,0
6/6/20,2.298,78.1,11,0.0065,13937.5,20154,0,0
6/7/20,2.298,78.1,11,0.0065,13937.5,17808,0,0
6/8/20,2.298,78.1,11,0.0065,13937.5,16917,0,0
6/9/20,2.298,78.1,11,0.0065,13937.5,20338,0,0
6/10/20,2.298,78.1,11,0.0065,13937.5,21776,0,0
6/11/20,2.298,78.1,11,0.0065,13937.5,22309,0,0
6/12/20,2.298,78.1,11,0.0065,13937.5,25554,0,0
6/13/20,2.298,78.1,11,0.0065,13937.5,24129,0,0
6/14/20,2.298,78.1,11,0.0065,13937.5,18951,0,0
6/15/20,2.298,78.1,11,0.0065,13937.5,21105,0,0
6/16/20,2.298,78.1,11,0.0065,13937.5,24639,0,0
6/17/20,2.298,78.1,11,0.0065,13937.5,27082,0,0
6/18/20,2.298,78.1,11,0.0065,13937.5,28240,0,0
6/19/20,2.298,78.1,11,0.0065,13937.5,30986,0,0
6/20/20,2.298,78.1,11,0.0065,13937.5,31862,0,0
6/21/20,2.298,78.1,11,0.0065,13937.5,25858,0,0
6/22/20,2.298,78.1,11,0.0065,13937.5,29992,0,0
6/23/20,2.298,78.1,11,0.0065,13937.5,38887,0,0
6/24/20,2.298,78.1,11,0.0065,13937.5,36309,0,0
6/25/20,2.298,78.1,11,0.0065,13937.5,39352,0,0
6/26/20,2.298,78.1,11,0.0065,13937.5,49071,0,0
6/27/20,2.298,78.1,11,0.0065,13937.5,40818,0,0
6/28/20,2.298,78.1,11,0.0065,13937.5,42914,0,0
6/29/20,2.298,78.1,11,0.0065,13937.5,41550,0,0
6/30/20,2.298,78.1,11,0.0065,13937.5,50039,0,0
7/1/20,2.798,72.5,10.2,0.0099,14230.1,49333,0,0
7/2/20,2.798,72.5,10.2,0.0099,14230.1,55075,0,0
7/3/20,2.798,72.5,10.2,0.0099,14230.1,51645,0,0
7/4/20,2.798,72.5,10.2,0.0099,14230.1,46015,0,0
7/5/20,2.798,72.5,10.2,0.0099,14230.1,53945,0,0
7/6/20,2.798,72.5,10.2,0.0099,14230.1,43639,0,0
7/7/20,2.798,72.5,10.2,0.0099,14230.1,57425,0,0
7/8/20,2.798,72.5,10.2,0.0099,14230.1,60485,0,0
7/9/20,2.798,72.5,10.2,0.0099,14230.1,59807,0,0
7/10/20,2.798,72.5,10.2,0.0099,14230.1,68742,1,0
7/11/20,2.798,72.5,10.2,0.0099,14230.1,60420,1,0
7/12/20,2.798,72.5,10.2,0.0099,14230.1,60216,0,0
7/13/20,2.798,72.5,10.2,0.0099,14230.1,59625,0,0
7/14/20,2.798,72.5,10.2,0.0099,14230.1,65736,0,0
7/15/20,2.798,72.5,10.2,0.0099,14230.1,66289,0,0
7/16/20,2.798,72.5,10.2,0.0099,14230.1,70759,0,0
7/17/20,2.798,72.5,10.2,0.0099,14230.1,66440,0,0
7/18/20,2.798,72.5,10.2,0.0099,14230.1,64307,0,0
7/19/20,2.798,72.5,10.2,0.0099,14230.1,58989,0,0
7/20/20,2.798,72.5,10.2,0.0099,14230.1,60885,0,0
7/21/20,2.798,72.5,10.2,0.0099,14230.1,68285,0,0
7/22/20,2.798,72.5,10.2,0.0099,14230.1,67447,0,0
7/23/20,2.798,72.5,10.2,0.0099,14230.1,67777,0,0
7/24/20,2.798,72.5,10.2,0.0099,14230.1,74944,0,0
7/25/20,2.798,72.5,10.2,0.0099,14230.1,63745,1,0
7/26/20,2.798,72.5,10.2,0.0099,14230.1,55622,1,0
7/27/20,2.798,72.5,10.2,0.0099,14230.1,60002,0,0
7/28/20,2.798,72.5,10.2,0.0099,14230.1,64553,0,0
7/29/20,2.798,72.5,10.2,0.0099,14230.1,64058,0,0
7/30/20,2.798,72.5,10.2,0.0099,14230.1,69187,0,0
7/31/20,2.798,72.5,10.2,0.0099,14230.1,64367,0,0
8/1/20,1.333,74.1,8.4,0.0131,14352.8,57401,0,0
8/2/20,1.333,74.1,8.4,0.0131,14352.8,46881,0,0
8/3/20,1.333,74.1,8.4,0.0131,14352.8,41913,1,0
8/4/20,1.333,74.1,8.4,0.0131,14352.8,61633,1,0
8/5/20,1.333,74.1,8.4,0.0131,14352.8,54137,0,0
8/6/20,1.333,74.1,8.4,0.0131,14352.8,60053,0,0
8/7/20,1.333,74.1,8.4,0.0131,14352.8,60440,0,0
8/8/20,1.333,74.1,8.4,0.0131,14352.8,63770,0,0
8/9/20,1.333,74.1,8.4,0.0131,14352.8,54161,0,0
8/10/20,1.333,74.1,8.4,0.0131,14352.8,51646,1,0
8/11/20,1.333,74.1,8.4,0.0131,14352.8,56873,0,0
8/12/20,1.333,74.1,8.4,0.0131,14352.8,55228,0,0
8/13/20,1.333,74.1,8.4,0.0131,14352.8,51454,0,0
8/14/20,1.333,74.1,8.4,0.0131,14352.8,70085,0,0
8/15/20,1.333,74.1,8.4,0.0131,14352.8,52317,0,0
8/16/20,1.333,74.1,8.4,0.0131,14352.8,34573,0,0
8/17/20,1.333,74.1,8.4,0.0131,14352.8,38000,0,0
8/18/20,1.333,74.1,8.4,0.0131,14352.8,44991,0,0
8/19/20,1.333,74.1,8.4,0.0131,14352.8,45909,0,0
8/20/20,1.333,74.1,8.4,0.0131,14352.8,45126,0,0
8/21/20,1.333,74.1,8.4,0.0131,14352.8,47909,0,0
8/22/20,1.333,74.1,8.4,0.0131,14352.8,45268,0,0
8/23/20,1.333,74.1,8.4,0.0131,14352.8,31894,0,0
8/24/20,1.333,74.1,8.4,0.0131,14352.8,34091,0,0
8/25/20,1.333,74.1,8.4,0.0131,14352.8,42554,0,0
8/26/20,1.333,74.1,8.4,0.0131,14352.8,42185,0,0
8/27/20,1.333,74.1,8.4,0.0131,14352.8,50429,1,0
8/28/20,1.333,74.1,8.4,0.0131,14352.8,46313,1,0
8/29/20,1.333,74.1,8.4,0.0131,14352.8,43048,0,0
8/30/20,1.333,74.1,8.4,0.0131,14352.8,34159,0,0
8/31/20,1.333,74.1,8.4,0.0131,14352.8,33529,0,0
9/1/20,0.5992,80.4,7.9,0.0137,14583.3,41966,0,0
9/2/20,0.5992,80.4,7.9,0.0137,14583.3,40106,0,0
9/3/20,0.5992,80.4,7.9,0.0137,14583.3,45195,0,0
9/4/20,0.5992,80.4,7.9,0.0137,14583.3,48652,0,0
9/5/20,0.5992,80.4,7.9,0.0137,14583.3,43209,0,0
9/6/20,0.5992,80.4,7.9,0.0137,14583.3,29068,0,0
9/7/20,0.5992,80.4,7.9,0.0137,14583.3,24702,0,0
9/8/20,0.5992,80.4,7.9,0.0137,14583.3,27095,0,0
9/9/20,0.5992,80.4,7.9,0.0137,14583.3,33834,0,0
9/10/20,0.5992,80.4,7.9,0.0137,14583.3,39629,0,0
9/11/20,0.5992,80.4,7.9,0.0137,14583.3,44820,0,0
9/12/20,0.5992,80.4,7.9,0.0137,14583.3,45579,0,0
9/13/20,0.5992,80.4,7.9,0.0137,14583.3,40297,0,0
9/14/20,0.5992,80.4,7.9,0.0137,14583.3,32913,0,0
9/15/20,0.5992,80.4,7.9,0.0137,14583.3,37418,1,0
9/16/20,0.5992,80.4,7.9,0.0137,14583.3,38353,1,0
9/17/20,0.5992,80.4,7.9,0.0137,14583.3,45440,1,0
9/18/20,0.5992,80.4,7.9,0.0137,14583.3,50206,0,0
9/19/20,0.5992,80.4,7.9,0.0137,14583.3,45618,0,0
9/20/20,0.5992,80.4,7.9,0.0137,14583.3,41583,0,0
9/21/20,0.5992,80.4,7.9,0.0137,14583.3,32282,0,0
9/22/20,0.5992,80.4,7.9,0.0137,14583.3,38288,0,0
9/23/20,0.5992,80.4,7.9,0.0137,14583.3,41218,0,0
9/24/20,0.5992,80.4,7.9,0.0137,14583.3,48945,0,0
9/25/20,0.5992,80.4,7.9,0.0137,14583.3,47017,0,0
9/26/20,0.5992,80.4,7.9,0.0137,14583.3,43444,0,0
9/27/20,0.5992,80.4,7.9,0.0137,14583.3,33690,0,0
9/28/20,0.5992,80.4,7.9,0.0137,14583.3,38077,0,0
9/29/20,0.5992,80.4,7.9,0.0137,14583.3,42264,0,0
9/30/20,0.5992,80.4,7.9,0.0137,14583.3,38899,0,0
10/1/20,0.1016,81.8,6.9,0.0118,14626.1,46355,0,0
10/2/20,0.1016,81.8,6.9,0.0118,14626.1,53522,0,0
10/3/20,0.1016,81.8,6.9,0.0118,14626.1,49314,0,0
10/4/20,0.1016,81.8,6.9,0.0118,14626.1,33333,0,0
10/5/20,0.1016,81.8,6.9,0.0118,14626.1,37974,0,0
10/6/20,0.1016,81.8,6.9,0.0118,14626.1,44955,0,0
10/7/20,0.1016,81.8,6.9,0.0118,14626.1,49519,0,0
10/8/20,0.1016,81.8,6.9,0.0118,14626.1,58188,0,0
10/9/20,0.1016,81.8,6.9,0.0118,14626.1,55316,1,0
10/10/20,0.1016,81.8,6.9,0.0118,14626.1,55175,1,0
10/11/20,0.1016,81.8,6.9,0.0118,14626.1,46821,1,0
10/12/20,0.1016,81.8,6.9,0.0118,14626.1,42974,0,0
10/13/20,0.1016,81.8,6.9,0.0118,14626.1,50591,0,0
10/14/20,0.1016,81.8,6.9,0.0118,14626.1,59085,0,0
10/15/20,0.1016,81.8,6.9,0.0118,14626.1,63802,0,0
10/16/20,0.1016,81.8,6.9,0.0118,14626.1,70272,0,0
10/17/20,0.1016,81.8,6.9,0.0118,14626.1,54753,0,0
10/18/20,0.1016,81.8,6.9,0.0118,14626.1,52234,0,0
10/19/20,0.1016,81.8,6.9,0.0118,14626.1,68755,0,0
10/20/20,0.1016,81.8,6.9,0.0118,14626.1,62491,0,0
10/21/20,0.1016,81.8,6.9,0.0118,14626.1,61304,0,0
10/22/20,0.1016,81.8,6.9,0.0118,14626.1,80165,0,0
10/23/20,0.1016,81.8,6.9,0.0118,14626.1,82061,0,0
10/24/20,0.1016,81.8,6.9,0.0118,14626.1,77981,0,0
10/25/20,0.1016,81.8,6.9,0.0118,14626.1,60330,0,0
10/26/20,0.1016,81.8,6.9,0.0118,14626.1,64541,0,0
10/27/20,0.1016,81.8,6.9,0.0118,14626.1,78922,0,0
10/28/20,0.1016,81.8,6.9,0.0118,14626.1,88289,1,0
10/29/20,0.1016,81.8,6.9,0.0118,14626.1,92687,1,1
10/30/20,0.1016,81.8,6.9,0.0118,14626.1,100481,0,1
10/31/20,0.1016,81.8,6.9,0.0118,14626.1,86694,0,1
11/1/20,0.687,76.9,6.7,0.0117,14561,78060,0,0
11/2/20,0.687,76.9,6.7,0.0117,14561,84002,0,0
11/3/20,0.687,76.9,6.7,0.0117,14561,126805,0,0
11/4/20,0.687,76.9,6.7,0.0117,14561,102080,0,0
11/5/20,0.687,76.9,6.7,0.0117,14561,129984,0,0
11/6/20,0.687,76.9,6.7,0.0117,14561,128994,0,0
11/7/20,0.687,76.9,6.7,0.0117,14561,127074,0,0
11/8/20,0.687,76.9,6.7,0.0117,14561,119358,1,0
11/9/20,0.687,76.9,6.7,0.0117,14561,119593,1,0
11/10/20,0.687,76.9,6.7,0.0117,14561,139255,1,0
11/11/20,0.687,76.9,6.7,0.0117,14561,149536,1,0
11/12/20,0.687,76.9,6.7,0.0117,14561,159585,1,0
11/13/20,0.687,76.9,6.7,0.0117,14561,178802,0,0
11/14/20,0.687,76.9,6.7,0.0117,14561,162624,0,0
11/15/20,0.687,76.9,6.7,0.0117,14561,138453,0,1
11/16/20,0.687,76.9,6.7,0.0117,14561,155963,0,1
11/17/20,0.687,76.9,6.7,0.0117,14561,167127,0,1
11/18/20,0.687,76.9,6.7,0.0117,14561,173367,0,1
11/19/20,0.687,76.9,6.7,0.0117,14561,191843,0,1
11/20/20,0.687,76.9,6.7,0.0117,14561,201214,0,1
11/21/20,0.687,76.9,6.7,0.0117,14561,177375,0,1
11/22/20,0.687,76.9,6.7,0.0117,14561,145180,0,1
11/23/20,0.687,76.9,6.7,0.0117,14561,184603,0,1
11/24/20,0.687,76.9,6.7,0.0117,14561,174814,0,1
11/25/20,0.687,76.9,6.7,0.0117,14561,181280,0,1
11/26/20,0.687,76.9,6.7,0.0117,14561,112682,0,1
11/27/20,0.687,76.9,6.7,0.0117,14561,215241,0,1
11/28/20,0.687,76.9,6.7,0.0117,14561,167287,0,1
11/29/20,0.687,76.9,6.7,0.0117,14561,139606,0,1
11/30/20,0.687,76.9,6.7,0.0117,14561,158710,0,1
12/1/20,1.632,80.7,6.7,0.0136,14571.1,198697,0,1
12/2/20,1.632,80.7,6.7,0.0136,14571.1,197062,0,1
12/3/20,1.632,80.7,6.7,0.0136,14571.1,219419,0,1
12/4/20,1.632,80.7,6.7,0.0136,14571.1,235246,0,1
12/5/20,1.632,80.7,6.7,0.0136,14571.1,219715,0,1
12/6/20,1.632,80.7,6.7,0.0136,14571.1,178089,0,1
12/7/20,1.632,80.7,6.7,0.0136,14571.1,196534,0,1
12/8/20,1.632,80.7,6.7,0.0136,14571.1,227341,0,1
12/9/20,1.632,80.7,6.7,0.0136,14571.1,215768,0,1
12/10/20,1.632,80.7,6.7,0.0136,14571.1,235723,0,1
12/11/20,1.632,80.7,6.7,0.0136,14571.1,236942,0,1
12/12/20,1.632,80.7,6.7,0.0136,14571.1,222583,0,1
12/13/20,1.632,80.7,6.7,0.0136,14571.1,190625,0,1
12/14/20,1.632,80.7,6.7,0.0136,14571.1,210471,0,1
12/15/20,1.632,80.7,6.7,0.0136,14571.1,227190,0,1
12/16/20,1.632,80.7,6.7,0.0136,14571.1,234235,0,1
12/17/20,1.632,80.7,6.7,0.0136,14571.1,239164,0,1
12/18/20,1.632,80.7,6.7,0.0136,14571.1,246521,0,1
12/19/20,1.632,80.7,6.7,0.0136,14571.1,204860,0,1
12/20/20,1.632,80.7,6.7,0.0136,14571.1,186166,0,1
12/21/20,1.632,80.7,6.7,0.0136,14571.1,197616,0,1
12/22/20,1.632,80.7,6.7,0.0136,14571.1,205744,0,1
12/23/20,1.632,80.7,6.7,0.0136,14571.1,220833,0,1
12/24/20,1.632,80.7,6.7,0.0136,14571.1,211535,0,1
12/25/20,1.632,80.7,6.7,0.0136,14571.1,125515,0,1
12/26/20,1.632,80.7,6.7,0.0136,14571.1,217961,0,1
12/27/20,1.632,80.7,6.7,0.0136,14571.1,136145,0,1
12/28/20,1.632,80.7,6.7,0.0136,14571.1,174784,0,1
12/29/20,1.632,80.7,6.7,0.0136,14571.1,206657,0,1
12/30/20,1.632,80.7,6.7,0.0136,14571.1,218774,0,1
12/31/20,1.632,80.7,6.7,0.0136,14571.1,313782,0,1
1/1/21,1.302,79,6.3,0.014,14932.2,177570,0,1
1/2/21,1.302,79,6.3,0.014,14932.2,272445,0,1
1/3/21,1.302,79,6.3,0.014,14932.2,203162,0,1
1/4/21,1.302,79,6.3,0.014,14932.2,186939,0,1
1/5/21,1.302,79,6.3,0.014,14932.2,232076,0,1
1/6/21,1.302,79,6.3,0.014,14932.2,259874,0,0
1/7/21,1.302,79,6.3,0.014,14932.2,285013,0,0
1/8/21,1.302,79,6.3,0.014,14932.2,302978,0,0
1/9/21,1.302,79,6.3,0.014,14932.2,263345,0,0
1/10/21,1.302,79,6.3,0.014,14932.2,209919,0,0
1/11/21,1.302,79,6.3,0.014,14932.2,204673,0,0
1/12/21,1.302,79,6.3,0.014,14932.2,222264,0,0
1/13/21,1.302,79,6.3,0.014,14932.2,228716,0,0
1/14/21,1.302,79,6.3,0.014,14932.2,234949,0,0
1/15/21,1.302,79,6.3,0.014,14932.2,244383,0,0
1/16/21,1.302,79,6.3,0.014,14932.2,216910,0,0
1/17/21,1.302,79,6.3,0.014,14932.2,176134,0,0
1/18/21,1.302,79,6.3,0.014,14932.2,141270,0,0
1/19/21,1.302,79,6.3,0.014,14932.2,156991,0,0
1/20/21,1.302,79,6.3,0.014,14932.2,187678,0,0
1/21/21,1.302,79,6.3,0.014,14932.2,192068,0,0
1/22/21,1.302,79,6.3,0.014,14932.2,191449,0,0
1/23/21,1.302,79,6.3,0.014,14932.2,177244,0,0
1/24/21,1.302,79,6.3,0.014,14932.2,139782,1,0
1/25/21,1.302,79,6.3,0.014,14932.2,130029,1,0
1/26/21,1.302,79,6.3,0.014,14932.2,151278,1,0
1/27/21,1.302,79,6.3,0.014,14932.2,155204,1,0
1/28/21,1.302,79,6.3,0.014,14932.2,166711,1,0
1/29/21,1.302,79,6.3,0.014,14932.2,163312,1,0
1/30/21,1.302,79,6.3,0.014,14932.2,150369,0,0
1/31/21,1.302,79,6.3,0.014,14932.2,112553,0,0
2/1/21,1.904,76.8,6.2,0.0168,14843.2,125895,0,0
2/2/21,1.904,76.8,6.2,0.0168,14843.2,117471,0,0
2/3/21,1.904,76.8,6.2,0.0168,14843.2,124431,0,0
2/4/21,1.904,76.8,6.2,0.0168,14843.2,124653,0,0
2/5/21,1.904,76.8,6.2,0.0168,14843.2,130426,0,0
2/6/21,1.904,76.8,6.2,0.0168,14843.2,116239,0,0
2/7/21,1.904,76.8,6.2,0.0168,14843.2,89165,0,0
2/8/21,1.904,76.8,6.2,0.0168,14843.2,83203,0,0
2/9/21,1.904,76.8,6.2,0.0168,14843.2,95701,0,0
2/10/21,1.904,76.8,6.2,0.0168,14843.2,95704,1,1
2/11/21,1.904,76.8,6.2,0.0168,14843.2,106168,1,1
2/12/21,1.904,76.8,6.2,0.0168,14843.2,99571,1,1
2/13/21,1.904,76.8,6.2,0.0168,14843.2,90328,1,1
2/14/21,1.904,76.8,6.2,0.0168,14843.2,68189,1,1
2/15/21,1.904,76.8,6.2,0.0168,14843.2,56166,1,0
2/16/21,1.904,76.8,6.2,0.0168,14843.2,59823,1,0
2/17/21,1.904,76.8,6.2,0.0168,14843.2,68991,1,0
2/18/21,1.904,76.8,6.2,0.0168,14843.2,72248,1,0
2/19/21,1.904,76.8,6.2,0.0168,14843.2,74871,1,0
2/20/21,1.904,76.8,6.2,0.0168,14843.2,73537,0,0
2/21/21,1.904,76.8,6.2,0.0168,14843.2,55247,0,0
2/22/21,1.904,76.8,6.2,0.0168,14843.2,56073,0,0
2/23/21,1.904,76.8,6.2,0.0168,14843.2,73821,0,0
2/24/21,1.904,76.8,6.2,0.0168,14843.2,75015,0,0
2/25/21,1.904,76.8,6.2,0.0168,14843.2,77077,0,0
2/26/21,1.904,76.8,6.2,0.0168,14843.2,74942,0,0
2/27/21,1.904,76.8,6.2,0.0168,14843.2,70808,0,0
2/28/21,1.904,76.8,6.2,0.0168,14843.2,51653,0,0
3/1/21,2.207,84.9,6.1,0.0262,15619.1,50155,0,0
3/2/21,2.207,84.9,6.1,0.0262,15619.1,58667,0,0
3/3/21,2.207,84.9,6.1,0.0262,15619.1,67082,0,0
3/4/21,2.207,84.9,6.1,0.0262,15619.1,68479,0,0
3/5/21,2.207,84.9,6.1,0.0262,15619.1,67203,0,0
3/6/21,2.207,84.9,6.1,0.0262,15619.1,60747,0,0
3/7/21,2.207,84.9,6.1,0.0262,15619.1,41540,0,0
3/8/21,2.207,84.9,6.1,0.0262,15619.1,44799,0,0
3/9/21,2.207,84.9,6.1,0.0262,15619.1,55825,0,0
3/10/21,2.207,84.9,6.1,0.0262,15619.1,57718,0,0
3/11/21,2.207,84.9,6.1,0.0262,15619.1,61760,0,0
3/12/21,2.207,84.9,6.1,0.0262,15619.1,62283,0,0
3/13/21,2.207,84.9,6.1,0.0262,15619.1,56265,0,0
3/14/21,2.207,84.9,6.1,0.0262,15619.1,38563,0,0
3/15/21,2.207,84.9,6.1,0.0262,15619.1,51564,0,0
3/16/21,2.207,84.9,6.1,0.0262,15619.1,55075,0,0
3/17/21,2.207,84.9,6.1,0.0262,15619.1,59882,0,0
3/18/21,2.207,84.9,6.1,0.0262,15619.1,62206,0,0
3/19/21,2.207,84.9,6.1,0.0262,15619.1,60912,0,0
3/20/21,2.207,84.9,6.1,0.0262,15619.1,58250,0,0
3/21/21,2.207,84.9,6.1,0.0262,15619.1,35407,0,0
3/22/21,2.207,84.9,6.1,0.0262,15619.1,48435,0,0
3/23/21,2.207,84.9,6.1,0.0262,15619.1,52761,0,0
3/24/21,2.207,84.9,6.1,0.0262,15619.1,87835,1,0
3/25/21,2.207,84.9,6.1,0.0262,15619.1,67388,1,0
3/26/21,2.207,84.9,6.1,0.0262,15619.1,76139,0,0
3/27/21,2.207,84.9,6.1,0.0262,15619.1,63784,1,0
3/28/21,2.207,84.9,6.1,0.0262,15619.1,46372,1,0
3/29/21,2.207,84.9,6.1,0.0262,15619.1,66673,0,0
3/30/21,2.207,84.9,6.1,0.0262,15619.1,62222,0,0
3/31/21,2.207,84.9,6.1,0.0262,15619.1,69410,0,1
4/1/21,2.926,88.3,6.1,0.0416,15712.6,76850,0,1
4/2/21,2.926,88.3,6.1,0.0416,15712.6,73882,0,1
4/3/21,2.926,88.3,6.1,0.0416,15712.6,64496,0,1
4/4/21,2.926,88.3,6.1,0.0416,15712.6,37867,0,1
4/5/21,2.926,88.3,6.1,0.0416,15712.6,68251,0,0
4/6/21,2.926,88.3,6.1,0.0416,15712.6,63389,0,0
4/7/21,2.926,88.3,6.1,0.0416,15712.6,75757,0,0
4/8/21,2.926,88.3,6.1,0.0416,15712.6,79843,0,0
4/9/21,2.926,88.3,6.1,0.0416,15712.6,84418,0,0
4/10/21,2.926,88.3,6.1,0.0416,15712.6,70345,0,0
4/11/21,2.926,88.3,6.1,0.0416,15712.6,47325,0,0
4/12/21,2.926,88.3,6.1,0.0416,15712.6,63229,1,0
4/13/21,2.926,88.3,6.1,0.0416,15712.6,80691,1,0
4/14/21,2.926,88.3,6.1,0.0416,15712.6,74982,1,0
4/15/21,2.926,88.3,6.1,0.0416,15712.6,74219,1,0
4/16/21,2.926,88.3,6.1,0.0416,15712.6,82769,0,0
4/17/21,2.926,88.3,6.1,0.0416,15712.6,55355,0,0
4/18/21,2.926,88.3,6.1,0.0416,15712.6,43820,0,0
4/19/21,2.926,88.3,6.1,0.0416,15712.6,59870,0,0
4/20/21,2.926,88.3,6.1,0.0416,15712.6,62305,0,0
4/21/21,2.926,88.3,6.1,0.0416,15712.6,64711,0,0
4/22/21,2.926,88.3,6.1,0.0416,15712.6,66184,0,0
4/23/21,2.926,88.3,6.1,0.0416,15712.6,62673,0,0
4/24/21,2.926,88.3,6.1,0.0416,15712.6,54287,0,0
4/25/21,2.926,88.3,6.1,0.0416,15712.6,34402,0,0
4/26/21,2.926,88.3,6.1,0.0416,15712.6,43309,0,0
4/27/21,2.926,88.3,6.1,0.0416,15712.6,52021,1,0
4/28/21,2.926,88.3,6.1,0.0416,15712.6,55867,1,0
4/29/21,2.926,88.3,6.1,0.0416,15712.6,57682,0,0
4/30/21,2.926,88.3,6.1,0.0416,15712.6,57737,0,0
5/1/21,2.994,82.9,5.8,0.0499,15767.9,48159,0,0
5/2/21,2.994,82.9,5.8,0.0499,15767.9,30594,1,0
5/3/21,2.994,82.9,5.8,0.0499,15767.9,45400,1,0
5/4/21,2.994,82.9,5.8,0.0499,15767.9,42717,1,0
5/5/21,2.994,82.9,5.8,0.0499,15767.9,45816,0,0
5/6/21,2.994,82.9,5.8,0.0499,15767.9,45930,0,0
5/7/21,2.994,82.9,5.8,0.0499,15767.9,48178,0,0
5/8/21,2.994,82.9,5.8,0.0499,15767.9,34955,0,0
5/9/21,2.994,82.9,5.8,0.0499,15767.9,22735,0,0
5/10/21,2.994,82.9,5.8,0.0499,15767.9,32812,0,0
5/11/21,2.994,82.9,5.8,0.0499,15767.9,35275,0,0
5/12/21,2.994,82.9,5.8,0.0499,15767.9,35974,0,0
5/13/21,2.994,82.9,5.8,0.0499,15767.9,37873,0,0
5/14/21,2.994,82.9,5.8,0.0499,15767.9,41601,0,0
5/15/21,2.994,82.9,5.8,0.0499,15767.9,30467,0,0
5/16/21,2.994,82.9,5.8,0.0499,15767.9,17632,0,0
5/17/21,2.994,82.9,5.8,0.0499,15767.9,25530,1,0
5/18/21,2.994,82.9,5.8,0.0499,15767.9,29008,1,0
5/19/21,2.994,82.9,5.8,0.0499,15767.9,29070,0,0
5/20/21,2.994,82.9,5.8,0.0499,15767.9,29993,0,0
5/21/21,2.994,82.9,5.8,0.0499,15767.9,28677,0,0
5/22/21,2.994,82.9,5.8,0.0499,15767.9,20905,0,0
5/23/21,2.994,82.9,5.8,0.0499,15767.9,13785,0,0
5/24/21,2.994,82.9,5.8,0.0499,15767.9,22170,0,0
5/25/21,2.994,82.9,5.8,0.0499,15767.9,23798,0,0
5/26/21,2.994,82.9,5.8,0.0499,15767.9,24372,0,0
5/27/21,2.994,82.9,5.8,0.0499,15767.9,26535,0,0
5/28/21,2.994,82.9,5.8,0.0499,15767.9,21924,0,0
5/29/21,2.994,82.9,5.8,0.0499,15767.9,12978,0,0
5/30/21,2.994,82.9,5.8,0.0499,15767.9,7204,0,0
5/31/21,2.994,82.9,5.8,0.0499,15767.9,6349,0,0
6/1/21,2.725,85.5,5.9,0.0539,15960.1,21089,0,0
6/2/21,2.725,85.5,5.9,0.0539,15960.1,16586,0,0
6/3/21,2.725,85.5,5.9,0.0539,15960.1,17979,0,0
6/4/21,2.725,85.5,5.9,0.0539,15960.1,17537,0,0
6/5/21,2.725,85.5,5.9,0.0539,15960.1,15156,0,0
6/6/21,2.725,85.5,5.9,0.0539,15960.1,5896,0,0
6/7/21,2.725,85.5,5.9,0.0539,15960.1,14189,0,0
6/8/21,2.725,85.5,5.9,0.0539,15960.1,12794,0,0
6/9/21,2.725,85.5,5.9,0.0539,15960.1,18207,0,0
6/10/21,2.725,85.5,5.9,0.0539,15960.1,14515,0,0
6/11/21,2.725,85.5,5.9,0.0539,15960.1,24516,0,0
6/12/21,2.725,85.5,5.9,0.0539,15960.1,8820,0,0
6/13/21,2.725,85.5,5.9,0.0539,15960.1,5026,0,0
6/14/21,2.725,85.5,5.9,0.0539,15960.1,11904,0,0
6/15/21,2.725,85.5,5.9,0.0539,15960.1,10646,0,0
6/16/21,2.725,85.5,5.9,0.0539,15960.1,11753,0,0
6/17/21,2.725,85.5,5.9,0.0539,15960.1,11519,1,0
6/18/21,2.725,85.5,5.9,0.0539,15960.1,20984,1,0
6/19/21,2.725,85.5,5.9,0.0539,15960.1,8885,0,0
6/20/21,2.725,85.5,5.9,0.0539,15960.1,4925,0,0
6/21/21,2.725,85.5,5.9,0.0539,15960.1,10732,0,0
6/22/21,2.725,85.5,5.9,0.0539,15960.1,10767,0,0
6/23/21,2.725,85.5,5.9,0.0539,15960.1,12497,0,0
6/24/21,2.725,85.5,5.9,0.0539,15960.1,14193,1,0
6/25/21,2.725,85.5,5.9,0.0539,15960.1,24522,1,0
6/26/21,2.725,85.5,5.9,0.0539,15960.1,9059,1,0
6/27/21,2.725,85.5,5.9,0.0539,15960.1,4659,0,0
6/28/21,2.725,85.5,5.9,0.0539,15960.1,13770,0,0
6/29/21,2.725,85.5,5.9,0.0539,15960.1,7526,0,0
6/30/21,2.725,85.5,5.9,0.0539,15960.1,15286,0,0
7/1/21,2.452,81.2,5.4,0.0537,16027.9,14921,0,0
7/2/21,2.452,81.2,5.4,0.0537,16027.9,29618,0,0
7/3/21,2.452,81.2,5.4,0.0537,16027.9,5270,0,0
7/4/21,2.452,81.2,5.4,0.0537,16027.9,4265,0,0
7/5/21,2.452,81.2,5.4,0.0537,16027.9,9161,0,0
7/6/21,2.452,81.2,5.4,0.0537,16027.9,22574,0,0
7/7/21,2.452,81.2,5.4,0.0537,16027.9,20148,1,0
7/8/21,2.452,81.2,5.4,0.0537,16027.9,20878,1,0
7/9/21,2.452,81.2,5.4,0.0537,16027.9,46989,1,0
7/10/21,2.452,81.2,5.4,0.0537,16027.9,10017,1,0
7/11/21,2.452,81.2,5.4,0.0537,16027.9,11763,1,0
7/12/21,2.452,81.2,5.4,0.0537,16027.9,29662,0,0
7/13/21,2.452,81.2,5.4,0.0537,16027.9,26476,0,0
7/14/21,2.452,81.2,5.4,0.0537,16027.9,31148,0,0
7/15/21,2.452,81.2,5.4,0.0537,16027.9,31942,0,0
7/16/21,2.452,81.2,5.4,0.0537,16027.9,78032,0,0
7/17/21,2.452,81.2,5.4,0.0537,16027.9,14066,0,0
7/18/21,2.452,81.2,5.4,0.0537,16027.9,20370,0,0
7/19/21,2.452,81.2,5.4,0.0537,16027.9,49227,0,0
7/20/21,2.452,81.2,5.4,0.0537,16027.9,39889,0,0
7/21/21,2.452,81.2,5.4,0.0537,16027.9,47872,0,0
7/22/21,2.452,81.2,5.4,0.0537,16027.9,56436,0,0
7/23/21,2.452,81.2,5.4,0.0537,16027.9,120805,0,0
7/24/21,2.452,81.2,5.4,0.0537,16027.9,29349,0,0
7/25/21,2.452,81.2,5.4,0.0537,16027.9,28625,0,0
7/26/21,2.452,81.2,5.4,0.0537,16027.9,78555,0,0
7/27/21,2.452,81.2,5.4,0.0537,16027.9,65071,0,0
7/28/21,2.452,81.2,5.4,0.0537,16027.9,73582,0,0
7/29/21,2.452,81.2,5.4,0.0537,16027.9,72362,0,0
7/30/21,2.452,81.2,5.4,0.0537,16027.9,191181,0,0
7/31/21,2.452,81.2,5.4,0.0537,16027.9,44671,0,0
8/1/21,3.244,70.3,5.2,0.0525,16146,45379,0,0
8/2/21,3.244,70.3,5.2,0.0525,16146,107521,0,0
8/3/21,3.244,70.3,5.2,0.0525,16146,97969,0,0
8/4/21,3.244,70.3,5.2,0.0525,16146,102507,0,0
8/5/21,3.244,70.3,5.2,0.0525,16146,109590,0,0
8/6/21,3.244,70.3,5.2,0.0525,16146,251912,0,0
8/7/21,3.244,70.3,5.2,0.0525,16146,63881,0,0
8/8/21,3.244,70.3,5.2,0.0525,16146,35686,0,0
8/9/21,3.244,70.3,5.2,0.0525,16146,158431,0,0
8/10/21,3.244,70.3,5.2,0.0525,16146,118193,1,0
8/11/21,3.244,70.3,5.2,0.0525,16146,154580,1,0
8/12/21,3.244,70.3,5.2,0.0525,16146,143812,1,0
8/13/21,3.244,70.3,5.2,0.0525,16146,226845,1,0
8/14/21,3.244,70.3,5.2,0.0525,16146,74174,0,0
8/15/21,3.244,70.3,5.2,0.0525,16146,47864,0,0
8/16/21,3.244,70.3,5.2,0.0525,16146,193359,1,0
8/17/21,3.244,70.3,5.2,0.0525,16146,151112,1,0
8/18/21,3.244,70.3,5.2,0.0525,16146,167350,1,0
8/19/21,3.244,70.3,5.2,0.0525,16146,155278,0,0
8/20/21,3.244,70.3,5.2,0.0525,16146,239134,0,0
8/21/21,3.244,70.3,5.2,0.0525,16146,93503,0,0
8/22/21,3.244,70.3,5.2,0.0525,16146,45358,0,0
8/23/21,3.244,70.3,5.2,0.0525,16146,206184,0,0
8/24/21,3.244,70.3,5.2,0.0525,16146,155193,0,0
8/25/21,3.244,70.3,5.2,0.0525,16146,179208,0,0
8/26/21,3.244,70.3,5.2,0.0525,16146,183765,0,0
8/27/21,3.244,70.3,5.2,0.0525,16146,238363,0,0
8/28/21,3.244,70.3,5.2,0.0525,16146,80135,0,0
8/29/21,3.244,70.3,5.2,0.0525,16146,53176,1,0
8/30/21,3.244,70.3,5.2,0.0525,16146,227933,1,0
8/31/21,3.244,70.3,5.2,0.0525,16146,179970,1,0
9/1/21,3.258,72.8,4.8,0.0539,16268,190608,1,0
9/2/21,3.258,72.8,4.8,0.0539,16268,179068,0,0
9/3/21,3.258,72.8,4.8,0.0539,16268,235250,0,0
9/4/21,3.258,72.8,4.8,0.0539,16268,87299,0,0
9/5/21,3.258,72.8,4.8,0.0539,16268,64681,0,0
9/6/21,3.258,72.8,4.8,0.0539,16268,89991,0,0
9/7/21,3.258,72.8,4.8,0.0539,16268,210047,0,0
9/8/21,3.258,72.8,4.8,0.0539,16268,177771,0,0
9/9/21,3.258,72.8,4.8,0.0539,16268,166661,0,0
9/10/21,3.258,72.8,4.8,0.0539,16268,241832,0,0
9/11/21,3.258,72.8,4.8,0.0539,16268,90451,0,0
9/12/21,3.258,72.8,4.8,0.0539,16268,49569,0,0
9/13/21,3.258,72.8,4.8,0.0539,16268,207726,0,0
9/14/21,3.258,72.8,4.8,0.0539,16268,145538,1,0
9/15/21,3.258,72.8,4.8,0.0539,16268,173419,1,0
9/16/21,3.258,72.8,4.8,0.0539,16268,158608,1,0
9/17/21,3.258,72.8,4.8,0.0539,16268,210710,1,0
9/18/21,3.258,72.8,4.8,0.0539,16268,76253,1,0
9/19/21,3.258,72.8,4.8,0.0539,16268,46003,0,0
9/20/21,3.258,72.8,4.8,0.0539,16268,169417,0,0
9/21/21,3.258,72.8,4.8,0.0539,16268,121820,0,0
9/22/21,3.258,72.8,4.8,0.0539,16268,131732,0,0
9/23/21,3.258,72.8,4.8,0.0539,16268,129034,0,0
9/24/21,3.258,72.8,4.8,0.0539,16268,174646,0,0
9/25/21,3.258,72.8,4.8,0.0539,16268,61850,0,0
9/26/21,3.258,72.8,4.8,0.0539,16268,55627,0,0
9/27/21,3.258,72.8,4.8,0.0539,16268,153935,0,0
9/28/21,3.258,72.8,4.8,0.0539,16268,113141,0,0
9/29/21,3.258,72.8,4.8,0.0539,16268,121999,0,0
9/30/21,3.258,72.8,4.8,0.0539,16268,110088,0,0
10/1/21,4.12,71.7,4.5,0.0622,16473.7,154909,0,0
10/2/21,4.12,71.7,4.5,0.0622,16473.7,49754,0,0
10/3/21,4.12,71.7,4.5,0.0622,16473.7,46227,0,0
10/4/21,4.12,71.7,4.5,0.0622,16473.7,140596,0,0
10/5/21,4.12,71.7,4.5,0.0622,16473.7,95479,0,0
10/6/21,4.12,71.7,4.5,0.0622,16473.7,112853,0,0
10/7/21,4.12,71.7,4.5,0.0622,16473.7,101033,0,0
10/8/21,4.12,71.7,4.5,0.0622,16473.7,130631,0,0
10/9/21,4.12,71.7,4.5,0.0622,16473.7,40316,0,0
10/10/21,4.12,71.7,4.5,0.0622,16473.7,40993,0,0
10/11/21,4.12,71.7,4.5,0.0622,16473.7,92866,0,0
10/12/21,4.12,71.7,4.5,0.0622,16473.7,110944,0,0
10/13/21,4.12,71.7,4.5,0.0622,16473.7,108411,0,0
10/14/21,4.12,71.7,4.5,0.0622,16473.7,86125,0,0
10/15/21,4.12,71.7,4.5,0.0622,16473.7,108847,0,0
10/16/21,4.12,71.7,4.5,0.0622,16473.7,41349,0,0
10/17/21,4.12,71.7,4.5,0.0622,16473.7,33172,0,0
10/18/21,4.12,71.7,4.5,0.0622,16473.7,96653,0,0
10/19/21,4.12,71.7,4.5,0.0622,16473.7,82598,0,0
10/20/21,4.12,71.7,4.5,0.0622,16473.7,92319,0,0
10/21/21,4.12,71.7,4.5,0.0622,16473.7,77273,0,0
10/22/21,4.12,71.7,4.5,0.0622,16473.7,95968,0,0
10/23/21,4.12,71.7,4.5,0.0622,16473.7,34275,0,0
10/24/21,4.12,71.7,4.5,0.0622,16473.7,20952,0,0
10/25/21,4.12,71.7,4.5,0.0622,16473.7,109490,0,0
10/26/21,4.12,71.7,4.5,0.0622,16473.7,67621,0,0
10/27/21,4.12,71.7,4.5,0.0622,16473.7,102531,0,0
10/28/21,4.12,71.7,4.5,0.0622,16473.7,74525,0,0
10/29/21,4.12,71.7,4.5,0.0622,16473.7,94836,0,1
10/30/21,4.12,71.7,4.5,0.0622,16473.7,36257,0,1
10/31/21,4.12,71.7,4.5,0.0622,16473.7,34006,0,1
11/1/21,4.23,67.4,4.2,0.0681,16557.9,109853,0,0
11/2/21,4.23,67.4,4.2,0.0681,16557.9,70028,0,0
11/3/21,4.23,67.4,4.2,0.0681,16557.9,86766,0,0
11/4/21,4.23,67.4,4.2,0.0681,16557.9,81242,0,0
11/5/21,4.23,67.4,4.2,0.0681,16557.9,97133,0,0
11/6/21,4.23,67.4,4.2,0.0681,16557.9,37262,0,0
11/7/21,4.23,67.4,4.2,0.0681,16557.9,38970,0,0
11/8/21,4.23,67.4,4.2,0.0681,16557.9,107330,0,0
11/9/21,4.23,67.4,4.2,0.0681,16557.9,79908,0,0
11/10/21,4.23,67.4,4.2,0.0681,16557.9,95244,0,0
11/11/21,4.23,67.4,4.2,0.0681,16557.9,57539,0,0
11/12/21,4.23,67.4,4.2,0.0681,16557.9,144130,0,0
11/13/21,4.23,67.4,4.2,0.0681,16557.9,46168,0,0
11/14/21,4.23,67.4,4.2,0.0681,16557.9,33871,0,0
11/15/21,4.23,67.4,4.2,0.0681,16557.9,131064,0,1
11/16/21,4.23,67.4,4.2,0.0681,16557.9,87984,0,1
11/17/21,4.23,67.4,4.2,0.0681,16557.9,112530,0,1
11/18/21,4.23,67.4,4.2,0.0681,16557.9,108535,0,1
11/19/21,4.23,67.4,4.2,0.0681,16557.9,126268,0,1
11/20/21,4.23,67.4,4.2,0.0681,16557.9,47186,0,1
11/21/21,4.23,67.4,4.2,0.0681,16557.9,41495,0,1
11/22/21,4.23,67.4,4.2,0.0681,16557.9,140975,0,1
11/23/21,4.23,67.4,4.2,0.0681,16557.9,91638,0,1
11/24/21,4.23,67.4,4.2,0.0681,16557.9,111352,0,1
11/25/21,4.23,67.4,4.2,0.0681,16557.9,37368,0,1
11/26/21,4.23,67.4,4.2,0.0681,16557.9,54684,0,1
11/27/21,4.23,67.4,4.2,0.0681,16557.9,28395,0,1
11/28/21,4.23,67.4,4.2,0.0681,16557.9,45080,0,1
11/29/21,4.23,67.4,4.2,0.0681,16557.9,185174,0,1
11/30/21,4.23,67.4,4.2,0.0681,16557.9,117450,0,1
12/1/21,4.298,70.6,3.9,0.0704,16522.4,136945,0,1
12/2/21,4.298,70.6,3.9,0.0704,16522.4,138196,0,1
12/3/21,4.298,70.6,3.9,0.0704,16522.4,157939,0,1
12/4/21,4.298,70.6,3.9,0.0704,16522.4,67917,0,1
12/5/21,4.298,70.6,3.9,0.0704,16522.4,56457,0,1
12/6/21,4.298,70.6,3.9,0.0704,16522.4,175071,0,1
12/7/21,4.298,70.6,3.9,0.0704,16522.4,112321,0,1
12/8/21,4.298,70.6,3.9,0.0704,16522.4,149410,0,1
12/9/21,4.298,70.6,3.9,0.0704,16522.4,123774,0,1
12/10/21,4.298,70.6,3.9,0.0704,16522.4,157502,1,1
12/11/21,4.298,70.6,3.9,0.0704,16522.4,57623,0,1
12/12/21,4.298,70.6,3.9,0.0704,16522.4,53378,0,1
12/13/21,4.298,70.6,3.9,0.0704,16522.4,183381,0,1
12/14/21,4.298,70.6,3.9,0.0704,16522.4,113220,0,1
12/15/21,4.298,70.6,3.9,0.0704,16522.4,145714,1,1
12/16/21,4.298,70.6,3.9,0.0704,16522.4,142012,0,1
12/17/21,4.298,70.6,3.9,0.0704,16522.4,192610,0,1
12/18/21,4.298,70.6,3.9,0.0704,16522.4,81546,0,1
12/19/21,4.298,70.6,3.9,0.0704,16522.4,90904,0,1
12/20/21,4.298,70.6,3.9,0.0704,16522.4,241236,0,1
12/21/21,4.298,70.6,3.9,0.0704,16522.4,182148,0,1
12/22/21,4.298,70.6,3.9,0.0704,16522.4,247988,0,1
12/23/21,4.298,70.6,3.9,0.0704,16522.4,274146,0,1
12/24/21,4.298,70.6,3.9,0.0704,16522.4,248212,0,1
12/25/21,4.298,70.6,3.9,0.0704,16522.4,88289,0,1
12/26/21,4.298,70.6,3.9,0.0704,16522.4,183922,0,1
12/27/21,4.298,70.6,3.9,0.0704,16522.4,506061,0,1
12/28/21,4.298,70.6,3.9,0.0704,16522.4,372105,0,1
12/29/21,4.298,70.6,3.9,0.0704,16522.4,511445,0,1
12/30/21,4.298,70.6,3.9,0.0704,16522.4,597483,0,1
12/31/21,4.298,70.6,3.9,0.0704,16522.4,511933,0,1
1/1/22,3.588,67.2,4,0.0748,16725.6,192136,0,1
1/2/22,3.588,67.2,4,0.0748,16725.6,296334,0,1
1/3/22,3.588,67.2,4,0.0748,16725.6,1043288,0,1
1/4/22,3.588,67.2,4,0.0748,16725.6,828149,0,1
1/5/22,3.588,67.2,4,0.0748,16725.6,676235,0,1
1/6/22,3.588,67.2,4,0.0748,16725.6,843557,0,0
1/7/22,3.588,67.2,4,0.0748,16725.6,879586,0,0
1/8/22,3.588,67.2,4,0.0748,16725.6,407779,0,0
1/9/22,3.588,67.2,4,0.0748,16725.6,493357,0,0
1/10/22,3.588,67.2,4,0.0748,16725.6,1355240,0,0
1/11/22,3.588,67.2,4,0.0748,16725.6,785252,0,0
1/12/22,3.588,67.2,4,0.0748,16725.6,854476,0,0
1/13/22,3.588,67.2,4,0.0748,16725.6,864162,0,0
1/14/22,3.588,67.2,4,0.0748,16725.6,879730,0,0
1/15/22,3.588,67.2,4,0.0748,16725.6,416112,0,0
1/16/22,3.588,67.2,4,0.0748,16725.6,486106,0,0
1/17/22,3.588,67.2,4,0.0748,16725.6,659369,0,0
1/18/22,3.588,67.2,4,0.0748,16725.6,1132763,0,0
1/19/22,3.588,67.2,4,0.0748,16725.6,910905,0,0
1/20/22,3.588,67.2,4,0.0748,16725.6,729234,0,0
1/21/22,3.588,67.2,4,0.0748,16725.6,827075,0,0
1/22/22,3.588,67.2,4,0.0748,16725.6,308107,0,0
1/23/22,3.588,67.2,4,0.0748,16725.6,370069,0,0
1/24/22,3.588,67.2,4,0.0748,16725.6,910595,0,0
1/25/22,3.588,67.2,4,0.0748,16725.6,492397,0,0
1/26/22,3.588,67.2,4,0.0748,16725.6,677580,0,0
1/27/22,3.588,67.2,4,0.0748,16725.6,502948,0,0
1/28/22,3.588,67.2,4,0.0748,16725.6,613111,0,0
1/29/22,3.588,67.2,4,0.0748,16725.6,181630,0,0
1/30/22,3.588,67.2,4,0.0748,16725.6,200485,0,0
1/31/22,3.588,67.2,4,0.0748,16725.6,536576,0,0
2/1/22,2.741,62.8,3.8,0.0787,16844.5,326286,0,0
2/2/22,2.741,62.8,3.8,0.0787,16844.5,327746,0,0
2/3/22,2.741,62.8,3.8,0.0787,16844.5,273291,0,0
2/4/22,2.741,62.8,3.8,0.0787,16844.5,355057,0,0
2/5/22,2.741,62.8,3.8,0.0787,16844.5,87933,0,0
2/6/22,2.741,62.8,3.8,0.0787,16844.5,84760,0,0
2/7/22,2.741,62.8,3.8,0.0787,16844.5,343412,0,0
2/8/22,2.741,62.8,3.8,0.0787,16844.5,213773,0,0
2/9/22,2.741,62.8,3.8,0.0787,16844.5,187472,0,0
2/10/22,2.741,62.8,3.8,0.0787,16844.5,170365,0,1
2/11/22,2.741,62.8,3.8,0.0787,16844.5,208464,0,1
2/12/22,2.741,62.8,3.8,0.0787,16844.5,52636,0,1
2/13/22,2.741,62.8,3.8,0.0787,16844.5,59069,0,1
2/14/22,2.741,62.8,3.8,0.0787,16844.5,167603,0,1
2/15/22,2.741,62.8,3.8,0.0787,16844.5,110491,0,0
2/16/22,2.741,62.8,3.8,0.0787,16844.5,113926,0,0
2/17/22,2.741,62.8,3.8,0.0787,16844.5,100704,0,0
2/18/22,2.741,62.8,3.8,0.0787,16844.5,143993,0,0
2/19/22,2.741,62.8,3.8,0.0787,16844.5,31979,0,0
2/20/22,2.741,62.8,3.8,0.0787,16844.5,23506,0,0
2/21/22,2.741,62.8,3.8,0.0787,16844.5,79881,0,0
2/22/22,2.741,62.8,3.8,0.0787,16844.5,89180,0,0
2/23/22,2.741,62.8,3.8,0.0787,16844.5,84132,0,0
2/24/22,2.741,62.8,3.8,0.0787,16844.5,66470,0,0
2/25/22,2.741,62.8,3.8,0.0787,16844.5,73690,0,0
2/26/22,2.741,62.8,3.8,0.0787,16844.5,47719,0,0
2/27/22,2.741,62.8,3.8,0.0787,16844.5,18515,0,0
2/28/22,2.741,62.8,3.8,0.0787,16844.5,96900,0,0
3/1/22,2.762,59.4,3.6,0.0854,17054.2,46406,0,0
3/2/22,2.762,59.4,3.6,0.0854,17054.2,53076,0,0
3/3/22,2.762,59.4,3.6,0.0854,17054.2,48456,0,0
3/4/22,2.762,59.4,3.6,0.0854,17054.2,50702,0,0
3/5/22,2.762,59.4,3.6,0.0854,17054.2,15206,0,0
3/6/22,2.762,59.4,3.6,0.0854,17054.2,12604,0,0
3/7/22,2.762,59.4,3.6,0.0854,17054.2,61536,0,0
3/8/22,2.762,59.4,3.6,0.0854,17054.2,29462,0,0
3/9/22,2.762,59.4,3.6,0.0854,17054.2,37033,0,0
3/10/22,2.762,59.4,3.6,0.0854,17054.2,45771,0,0
3/11/22,2.762,59.4,3.6,0.0854,17054.2,48855,0,0
3/12/22,2.762,59.4,3.6,0.0854,17054.2,10468,0,0
3/13/22,2.762,59.4,3.6,0.0854,17054.2,11279,0,0
3/14/22,2.762,59.4,3.6,0.0854,17054.2,34533,0,0
3/15/22,2.762,59.4,3.6,0.0854,17054.2,23506,0,0
3/16/22,2.762,59.4,3.6,0.0854,17054.2,51253,0,0
3/17/22,2.762,59.4,3.6,0.0854,17054.2,52025,0,0
3/18/22,2.762,59.4,3.6,0.0854,17054.2,31721,0,0
3/19/22,2.762,59.4,3.6,0.0854,17054.2,11102,0,0
3/20/22,2.762,59.4,3.6,0.0854,17054.2,11654,0,0
3/21/22,2.762,59.4,3.6,0.0854,17054.2,41471,0,0
3/22/22,2.762,59.4,3.6,0.0854,17054.2,21228,0,0
3/23/22,2.762,59.4,3.6,0.0854,17054.2,39929,0,0
3/24/22,2.762,59.4,3.6,0.0854,17054.2,42101,0,0
3/25/22,2.762,59.4,3.6,0.0854,17054.2,44444,0,0
3/26/22,2.762,59.4,3.6,0.0854,17054.2,9686,0,0
3/27/22,2.762,59.4,3.6,0.0854,17054.2,12020,0,0
3/28/22,2.762,59.4,3.6,0.0854,17054.2,37708,0,0
3/29/22,2.762,59.4,3.6,0.0854,17054.2,23242,0,0
3/30/22,2.762,59.4,3.6,0.0854,17054.2,38137,1,0
3/31/22,2.762,59.4,3.6,0.0854,17054.2,44494,0,0
4/1/22,3.292,65.2,3.6,0.0826,17115.6,31157,0,0
4/2/22,3.292,65.2,3.6,0.0826,17115.6,12028,0,0
4/3/22,3.292,65.2,3.6,0.0826,17115.6,4988,0,0
4/4/22,3.292,65.2,3.6,0.0826,17115.6,38125,1,0
4/5/22,3.292,65.2,3.6,0.0826,17115.6,24972,1,0
4/6/22,3.292,65.2,3.6,0.0826,17115.6,39925,1,0
4/7/22,3.292,65.2,3.6,0.0826,17115.6,49680,0,0
4/8/22,3.292,65.2,3.6,0.0826,17115.6,73191,0,0
4/9/22,3.292,65.2,3.6,0.0826,17115.6,13055,0,0
4/10/22,3.292,65.2,3.6,0.0826,17115.6,9815,0,0
4/11/22,3.292,65.2,3.6,0.0826,17115.6,38128,1,0
4/12/22,3.292,65.2,3.6,0.0826,17115.6,35227,1,0
4/13/22,3.292,65.2,3.6,0.0826,17115.6,56076,1,1
4/14/22,3.292,65.2,3.6,0.0826,17115.6,47858,0,1
4/15/22,3.292,65.2,3.6,0.0826,17115.6,34195,0,1
4/16/22,3.292,65.2,3.6,0.0826,17115.6,12808,0,1
4/17/22,3.292,65.2,3.6,0.0826,17115.6,7922,0,1
4/18/22,3.292,65.2,3.6,0.0826,17115.6,59576,0,0
4/19/22,3.292,65.2,3.6,0.0826,17115.6,38494,0,0
4/20/22,3.292,65.2,3.6,0.0826,17115.6,67804,0,0
4/21/22,3.292,65.2,3.6,0.0826,17115.6,60470,0,0
4/22/22,3.292,65.2,3.6,0.0826,17115.6,88824,0,0
4/23/22,3.292,65.2,3.6,0.0826,17115.6,20279,0,0
4/24/22,3.292,65.2,3.6,0.0826,17115.6,13973,0,0
4/25/22,3.292,65.2,3.6,0.0826,17115.6,68274,0,0
4/26/22,3.292,65.2,3.6,0.0826,17115.6,45162,0,0
4/27/22,3.292,65.2,3.6,0.0826,17115.6,89828,0,0
4/28/22,3.292,65.2,3.6,0.0826,17115.6,77128,0,0
4/29/22,3.292,65.2,3.6,0.0826,17115.6,61253,0,0
4/30/22,3.292,65.2,3.6,0.0826,17115.6,24645,0,0
5/1/22,2.648,58.4,3.6,0.0858,17231.1,17355,1,0
5/2/22,2.648,58.4,3.6,0.0858,17231.1,93906,1,0
5/3/22,2.648,58.4,3.6,0.0858,17231.1,49927,1,0
5/4/22,2.648,58.4,3.6,0.0858,17231.1,112359,0,0
5/5/22,2.648,58.4,3.6,0.0858,17231.1,88331,0,0
5/6/22,2.648,58.4,3.6,0.0858,17231.1,129063,0,0
5/7/22,2.648,58.4,3.6,0.0858,17231.1,28688,0,0
5/8/22,2.648,58.4,3.6,0.0858,17231.1,6598,0,0
5/9/22,2.648,58.4,3.6,0.0858,17231.1,129219,1,0
5/10/22,2.648,58.4,3.6,0.0858,17231.1,70724,0,0
5/11/22,2.648,58.4,3.6,0.0858,17231.1,161041,1,0
5/12/22,2.648,58.4,3.6,0.0858,17231.1,105470,1,0
5/13/22,2.648,58.4,3.6,0.0858,17231.1,87262,0,0
5/14/22,2.648,58.4,3.6,0.0858,17231.1,18121,0,0
5/15/22,2.648,58.4,3.6,0.0858,17231.1,33121,0,0
5/16/22,2.648,58.4,3.6,0.0858,17231.1,176967,0,0
5/17/22,2.648,58.4,3.6,0.0858,17231.1,85471,0,0
5/18/22,2.648,58.4,3.6,0.0858,17231.1,203882,0,0
5/19/22,2.648,58.4,3.6,0.0858,17231.1,135475,1,0
5/20/22,2.648,58.4,3.6,0.0858,17231.1,148784,0,0
5/21/22,2.648,58.4,3.6,0.0858,17231.1,28103,0,0
5/22/22,2.648,58.4,3.6,0.0858,17231.1,13363,0,0
5/23/22,2.648,58.4,3.6,0.0858,17231.1,149048,0,0
5/24/22,2.648,58.4,3.6,0.0858,17231.1,83873,0,0
5/25/22,2.648,58.4,3.6,0.0858,17231.1,210759,0,0
5/26/22,2.648,58.4,3.6,0.0858,17231.1,135317,0,0
5/27/22,2.648,58.4,3.6,0.0858,17231.1,108002,0,0
5/28/22,2.648,58.4,3.6,0.0858,17231.1,14198,0,0
5/29/22,2.648,58.4,3.6,0.0858,17231.1,7059,0,0
5/30/22,2.648,58.4,3.6,0.0858,17231.1,62461,0,0
5/31/22,2.648,58.4,3.6,0.0858,17231.1,167335,0,0
6/1/22,2.351,50,3.6,0.0906,17437.4,228960,0,0
6/2/22,2.351,50,3.6,0.0906,17437.4,122134,0,0
6/3/22,2.351,50,3.6,0.0906,17437.4,156992,0,0
6/4/22,2.351,50,3.6,0.0906,17437.4,28057,0,0
6/5/22,2.351,50,3.6,0.0906,17437.4,16286,0,0
6/6/22,2.351,50,3.6,0.0906,17437.4,159742,0,0
6/7/22,2.351,50,3.6,0.0906,17437.4,86881,1,0
6/8/22,2.351,50,3.6,0.0906,17437.4,198920,1,0
6/9/22,2.351,50,3.6,0.0906,17437.4,131627,0,0
6/10/22,2.351,50,3.6,0.0906,17437.4,106210,0,0
6/11/22,2.351,50,3.6,0.0906,17437.4,35235,0,0
6/12/22,2.351,50,3.6,0.0906,17437.4,17763,0,0
6/13/22,2.351,50,3.6,0.0906,17437.4,151759,1,0
6/14/22,2.351,50,3.6,0.0906,17437.4,90192,0,0
6/15/22,2.351,50,3.6,0.0906,17437.4,185163,0,0
6/16/22,2.351,50,3.6,0.0906,17437.4,129738,0,0
6/17/22,2.351,50,3.6,0.0906,17437.4,138847,0,0
6/18/22,2.351,50,3.6,0.0906,17437.4,17688,0,0
6/19/22,2.351,50,3.6,0.0906,17437.4,18063,0,0
6/20/22,2.351,50,3.6,0.0906,17437.4,96014,0,0
6/21/22,2.351,50,3.6,0.0906,17437.4,111380,0,0
6/22/22,2.351,50,3.6,0.0906,17437.4,185669,0,0
6/23/22,2.351,50,3.6,0.0906,17437.4,138398,0,0
6/24/22,2.351,50,3.6,0.0906,17437.4,117170,0,0
6/25/22,2.351,50,3.6,0.0906,17437.4,40913,0,0
6/26/22,2.351,50,3.6,0.0906,17437.4,22277,0,0
6/27/22,2.351,50,3.6,0.0906,17437.4,160242,0,0
6/28/22,2.351,50,3.6,0.0906,17437.4,97899,0,0
6/29/22,2.351,50,3.6,0.0906,17437.4,190276,0,0
6/30/22,2.351,50,3.6,0.0906,17437.4,167436,0,0
7/1/22,1.784,51.5,3.5,0.0852,17420.3,156854,0,0
7/2/22,1.784,51.5,3.5,0.0852,17420.3,20345,0,0
7/3/22,1.784,51.5,3.5,0.0852,17420.3,8444,0,0
7/4/22,1.784,51.5,3.5,0.0852,17420.3,76285,0,0
7/5/22,1.784,51.5,3.5,0.0852,17420.3,141915,0,0
7/6/22,1.784,51.5,3.5,0.0852,17420.3,200748,0,0
7/7/22,1.784,51.5,3.5,0.0852,17420.3,138842,0,0
7/8/22,1.784,51.5,3.5,0.0852,17420.3,137732,0,0
7/9/22,1.784,51.5,3.5,0.0852,17420.3,28993,0,0
7/10/22,1.784,51.5,3.5,0.0852,17420.3,24534,0,0
7/11/22,1.784,51.5,3.5,0.0852,17420.3,201291,0,0
7/12/22,1.784,51.5,3.5,0.0852,17420.3,148243,0,0
7/13/22,1.784,51.5,3.5,0.0852,17420.3,204680,0,0
7/14/22,1.784,51.5,3.5,0.0852,17420.3,175162,0,0
7/15/22,1.784,51.5,3.5,0.0852,17420.3,153182,0,0
7/16/22,1.784,51.5,3.5,0.0852,17420.3,39208,0,0
7/17/22,1.784,51.5,3.5,0.0852,17420.3,29613,0,0
7/18/22,1.784,51.5,3.5,0.0852,17420.3,165282,0,0
7/19/22,1.784,51.5,3.5,0.0852,17420.3,117293,0,0
7/20/22,1.784,51.5,3.5,0.0852,17420.3,216761,0,0
7/21/22,1.784,51.5,3.5,0.0852,17420.3,175459,0,0
7/22/22,1.784,51.5,3.5,0.0852,17420.3,131400,1,0
7/23/22,1.784,51.5,3.5,0.0852,17420.3,26334,1,0
7/24/22,1.784,51.5,3.5,0.0852,17420.3,23248,1,0
7/25/22,1.784,51.5,3.5,0.0852,17420.3,189965,0,0
7/26/22,1.784,51.5,3.5,0.0852,17420.3,132218,1,0
7/27/22,1.784,51.5,3.5,0.0852,17420.3,240132,1,0
7/28/22,1.784,51.5,3.5,0.0852,17420.3,177052,1,0
7/29/22,1.784,51.5,3.5,0.0852,17420.3,159246,0,0
7/30/22,1.784,51.5,3.5,0.0852,17420.3,16025,0,0
7/31/22,1.784,51.5,3.5,0.0852,17420.3,13002,0,0
8/1/22,1.466,58.2,3.7,0.0826,17550.9,170176,0,0
8/2/22,1.466,58.2,3.7,0.0826,17550.9,90978,0,0
8/3/22,1.466,58.2,3.7,0.0826,17550.9,200722,0,0
8/4/22,1.466,58.2,3.7,0.0826,17550.9,187135,0,0
8/5/22,1.466,58.2,3.7,0.0826,17550.9,106031,0,0
8/6/22,1.466,58.2,3.7,0.0826,17550.9,14984,0,0
8/7/22,1.466,58.2,3.7,0.0826,17550.9,12608,0,0